{
  "version": 2,
  "offense": 2,
  "defense": 0,
  "description": "Passing (Downfield Left)",
  "creator": "Wayprotein",
  "code": "C833-6A35-A46A-7191",
  "drills": [
    {
      "ball": {
        "location": {
          "x": 3142.510009765625,
          "y": -4423.5498046875,
          "z": 100.0
        },
        "torque": {
          "x": 0.0,
          "y": 0.0,
          "z": 0.0
        },
        "velocity": {
          "x": -1723.5699462890625,
          "y": -157.08099365234375,
          "z": -1358.199951171875
        },
        "rotation": {
          "pitch": 0,
          "yaw": 0,
          "roll": 0
        },
        "angular": {
          "x": 0.0,
          "y": 0.0,
          "z": 0.0
        }
      },
      "players": [
        {
          "boost": 33.0,
          "location": {
            "x": 3780.030029296875,
            "y": -2836.2900390625,
            "z": 17.01099967956543
          },
          "rotation": {
            "pitch": -100,
            "yaw": 17076,
            "roll": 0
          },
          "velocity": {
            "x": 0.0,
            "y": 0.0,
            "z": 0.0
          },
          "role": "shooter"
        },
        {
          "boost": 33.0,
          "location": {
            "x": -444.9620056152344,
            "y": -5073.080078125,
            "z": 37.995601654052734
          },
          "rotation": {
            "pitch": 0,
            "yaw": 68147,
            "roll": 0
          },
          "velocity": {
            "x": 0.0,
            "y": 0.0,
            "z": 0.0
          },
          "role": "passer"
        }
      ]
    },
    {
      "ball": {
        "location": {
          "x": 62.08250045776367,
          "y": 12.538299560546875,
          "z": 496.5299987792969
        },
        "torque": {
          "x": 0.0,
          "y": 0.0,
          "z": 0.0
        },
        "velocity": {
          "x": -62.45000076293945,
          "y": -1595.8900146484375,
          "z": 95.40010070800781
        },
        "rotation": {
          "pitch": 0,
          "yaw": 0,
          "roll": 0
        },
        "angular": {
          "x": 0.0,
          "y": 0.0,
          "z": 0.0
        }
      },
      "players": [
        {
          "boost": 33.0,
          "location": {
            "x": 2966.14990234375,
            "y": 4030.159912109375,
            "z": 37.995601654052734
          },
          "rotation": {
            "pitch": 0,
            "yaw": -17011,
            "roll": 0
          },
          "velocity": {
            "x": 0.0,
            "y": 0.0,
            "z": 0.0
          },
          "role": "shooter"
        },
        {
          "boost": 33.0,
          "location": {
            "x": -250.86300659179688,
            "y": -3764.56005859375,
            "z": 37.995601654052734
          },
          "rotation": {
            "pitch": 0,
            "yaw": 15589,
            "roll": 0
          },
          "velocity": {
            "x": 0.0,
            "y": 0.0,
            "z": 0.0
          },
          "role": "passer"
        }
      ]
    },
    {
      "ball": {
        "location": {
          "x": 3316.409912109375,
          "y": -279.18499755859375,
          "z": 287.40899658203125
        },
        "torque": {
          "x": 0.0,
          "y": 0.0,
          "z": 0.0
        },
        "velocity": {
          "x": 1156.1600341796875,
          "y": -1521.989990234375,
          "z": 383.62298583984375
        },
        "rotation": {
          "pitch": 0,
          "yaw": 0,
          "roll": 0
        },
        "angular": {
          "x": 0.0,
          "y": 0.0,
          "z": 0.0
        }
      },
      "players": [
        {
          "boost": 33.0,
          "location": {
            "x": 3424.639892578125,
            "y": -216.01699829101563,
            "z": 37.995601654052734
          },
          "rotation": {
            "pitch": 0,
            "yaw": 18814,
            "roll": 0
          },
          "velocity": {
            "x": 0.0,
            "y": 0.0,
            "z": 0.0
          },
          "role": "shooter"
        },
        {
          "boost": 33.0,
          "location": {
            "x": 2888.409912109375,
            "y": -4052.97998046875,
            "z": 37.995601654052734
          },
          "rotation": {
            "pitch": 0,
            "yaw": 81801,
            "roll": 0
          },
          "velocity": {
            "x": 0.0,
            "y": 0.0,
            "z": 0.0
          },
          "role": "passer"
        }
      ]
    },
    {
      "ball": {
        "location": {
          "x": -2719.169921875,
          "y": 3252.18994140625,
          "z": 100.0
        },
        "torque": {
          "x": 0.0,
          "y": 0.0,
          "z": 0.0
        },
        "velocity": {
          "x": -354.2449951171875,
          "y": -2356.97998046875,
          "z": -281.3399963378906
        },
        "rotation": {
          "pitch": 0,
          "yaw": 0,
          "roll": 0
        },
        "angular": {
          "x": 0.0,
          "y": 0.0,
          "z": 0.0
        }
      },
      "players": [
        {
          "boost": 33.0,
          "location": {
            "x": 2638.909912109375,
            "y": 463.8869934082031,
            "z": 37.995601654052734
          },
          "rotation": {
            "pitch": 0,
            "yaw": 22014,
            "roll": 0
          },
          "velocity": {
            "x": 0.0,
            "y": 0.0,
            "z": 0.0
          },
          "role": "shooter"
        },
        {
          "boost": 33.0,
          "location": {
            "x": -2881.919921875,
            "y": -3579.679931640625,
            "z": 37.995601654052734
          },
          "rotation": {
            "pitch": 0,
            "yaw": 20627,
            "roll": 0
          },
          "velocity": {
            "x": 0.0,
            "y": 0.0,
            "z": 0.0
          },
          "role": "passer"
        }
      ]
    },
    {
      "ball": {
        "location": {
          "x": -1676.8199462890625,
          "y": -3858.93994140625,
          "z": 100.48300170898438
        },
        "torque": {
          "x": 0.0,
          "y": 0.0,
          "z": 0.0
        },
        "velocity": {
          "x": -2687.199951171875,
          "y": 566.7239990234375,
          "z": 136.3979949951172
        },
        "rotation": {
          "pitch": 0,
          "yaw": 0,
          "roll": 0
        },
        "angular": {
          "x": 0.0,
          "y": 0.0,
          "z": 0.0
        }
      },
      "players": [
        {
          "boost": 33.0,
          "location": {
            "x": -557.0750122070313,
            "y": -3369.639892578125,
            "z": 37.995601654052734
          },
          "rotation": {
            "pitch": 0,
            "yaw": 17353,
            "roll": 0
          },
          "velocity": {
            "x": 0.0,
            "y": 0.0,
            "z": 0.0
          },
          "role": "shooter"
        },
        {
          "boost": 33.0,
          "location": {
            "x": -1246.31005859375,
            "y": -4215.25,
            "z": 37.995601654052734
          },
          "rotation": {
            "pitch": 0,
            "yaw": -38184,
            "roll": 0
          },
          "velocity": {
            "x": 0.0,
            "y": 0.0,
            "z": 0.0
          },
          "role": "passer"
        }
      ]
    },
    {
      "ball": {
        "location": {
          "x": -501.94000244140625,
          "y": -2687.320068359375,
          "z": 100.0
        },
        "torque": {
          "x": 0.0,
          "y": 0.0,
          "z": 0.0
        },
        "velocity": {
          "x": -171.8350067138672,
          "y": 469.43701171875,
          "z": 8.185790061950684
        },
        "rotation": {
          "pitch": 0,
          "yaw": 0,
          "roll": 0
        },
        "angular": {
          "x": 0.0,