{
  "version": 3,
  "offense": 1,
  "defense": 0,
  "description": "yeah",
  "creator": "ergzef",
  "code": "",
  "drills": [
    {
      "ball": {
        "location": {
          "x": 2898.75,
          "y": 4163.3701171875,
          "z": 100.4800033569336
        },
        "torque": {
          "x": 0.0,
          "y": 0.0,
          "z": 0.0
        },
        "velocity": {
          "x": -7.858650207519531,
          "y": 13.643600463867188,
          "z": 6.779409885406494
        },
        "rotation": {
          "pitch": 0,
          "yaw": 0,
          "roll": 0
        },
        "angular": {
          "x": 0.08963129669427872,
          "y": 0.02813199907541275,
          "z": 0.04728379845619202
        }
      },
      "players": [
        {
          "boost": 33.0,
          "location": {
            "x": 3266.590087890625,
            "y": 3218.77001953125,
            "z": 17.049999237060547
          },
          "rotation": {
            "pitch": -174,
            "yaw": 19555,
            "roll": 0
          },
          "velocity": {
            "x": 0.0,
            "y": 0.0,
            "z": 0.0
          },
          "role": "shooter"
        }
      ]
    },
    {
      "ball": {
        "location": {
          "x": 2938.889892578125,
          "y": 712.8900146484375,
          "z": 100.4800033569336
        },
        "torque": {
          "x": 0.0,
          "y": 0.0,
          "z": 0.0
        },
        "velocity": {
          "x": 2786.64990234375,
          "y": 263.67498779296875,
          "z": -65.67769622802734
        },
        "rotation": {
          "pitch": 0,
          "yaw": 0,
          "roll": 0
        },
        "angular": {
          "x": 0.0,
          "y": 0.0,
          "z": 0.0
        }
      },
      "players": [
        {
          "boost": 33.0,
          "location": {
            "x": 1864.6700439453125,
            "y": 692.2349853515625,
            "z": 37.995601654052734
          },
          "rotation": {
            "pitch": 0,
            "yaw": 117,
            "roll": 0
          },
          "velocity": {
            "x": 0.0,
            "y": 0.0,
            "z": 0.0
          },
          "role": "shooter"
        }
      ]
    },
    {
      "ball": {
        "location": {
          "x": -2656.489990234375,
          "y": -2721.85009765625,
          "z": 100.4800033569336
        },
        "torque": {
          "x": 0.0,
          "y": 0.0,
          "z": 0.0
        },
        "velocity": {
          "x": -3934.610107421875,
          "y": 955.1480102539063,
          "z": -80.9988021850586
        },
        "rotation": {
          "pitch": 0,
          "yaw": 0,
          "roll": 0
        },
        "angular": {
          "x": 0.0,
          "y": 0.0,
          "z": 0.0
        }
      },
      "players": [
        {
          "boost": 33.0,
          "location": {
            "x": -2210.64990234375,
            "y": -2874.169921875,
            "z": 37.995601654052734
          },
          "rotation": {
            "pitch": 0,
            "yaw": 29244,
            "roll": 0
          },
          "velocity": {
            "x": 0.0,
            "y": 0.0,
            "z": 0.0
          },
          "role": "shooter"
        }
      ]
    },
    {
      "ball": {
        "location": {
          "x": -1997.489990234375,
          "y": 4451.0400390625,
          "z": 100.4800033569336
        },
        "torque": {
          "x": 0.0,
          "y": 0.0,
          "z": 0.0
        },
        "velocity": {
          "x": 1140.4599609375,
          "y": -3833.570068359375,
          "z": -18.706100463867188
        },
        "rotation": {
          "pitch": 0,
          "yaw": 0,
          "roll": 0
        },
        "angular": {
          "x": 0.0,
          "y": 0.0,
          "z": 0.0
        }
      },
      "players": [
        {
          "boost": 33.0,
          "location": {
            "x": 408.0480041503906,
            "y": -2874.929931640625,
            "z": 37.995601654052734
          },
          "rotation": {
            "pitch": 0,
            "yaw": 24522,
            "roll": 0
          },
          "velocity": {
            "x": 0.0,
            "y": 0.0,
            "z": 0.0
          },
          "role": "shooter"
        }
      ]
    },
    {
      "ball": {
        "location": {
          "x": -24.760000228881836,
          "y": 2818.550048828125,
          "z": 100.4800033569336
        },
        "torque": {
          "x": 0.0,
          "y": 0.0,
          "z": 0.0
        },
        "velocity": {
          "x": 166.5590057373047,
          "y": -249.70700073242188,
          "z": 128.81199645996094
        },
        "rotation": {
          "pitch": 0,
          "yaw": 0,
          "roll": 0
        },
        "angular": {
          "x": -1.7747999429702759,
          "y": -1.1837600469589233,
          "z": 9.000609861686826e-05
        }
      },
      "players": [
        {
          "boost": 33.0,
          "location": {
            "x": -294.2090148925781,
            "y": 3206.679931640625,
            "z": 37.995601654052734
          },
          "rotation": {
            "pitch": 0,
            "yaw": -10245,
            "roll": 0
          },
          "velocity": {
            "x": 0.0,
            "y": 0.0,
            "z": 0.0
          },
          "role": "shooter"
        }
      ]
    },
    {
      "ball": {
        "location": {
          "x": -533.0499877929688,
          "y": 2936.179931640625,
          "z": 477.6400146484375
        },
        "torque": {
          "x": 0.0,
          "y": 0.0,
          "z": 0.0
        },
        "velocity": {
          "x": 95.8009033203125,
          "y": -74.94429779052734,
          "z": 990.6619873046875
        },
        "rotation": {
          "pitch": 0,
          "yaw": 0,
          "roll": 0
        },
        "angular": {
          "x": 0.0,
          "y": 0.0,
          "z": 0.0
        }
      },
      "players": [
        {
          "boost": 33.0,
          "location": {
            "x": -574.0360107421875,
            "y": 10.864899635314941,
            "z": 37.995601654052734
          },
          "rotation": {
            "pitch": 0,
            "yaw": 14550,
            "roll": 0
          },
          "velocity": {
            "x": 0.0,
            "y": 0.0,
            "z": 0.0
          },
          "role": "shooter"
        }
      ]
    },
    {
      "ball": {
        "location": {
          "x": 1570.4599609375,
          "y": 4053.679931640625,
          "z": 100.4800033569336
        },
        "torque": {
          "x": 0.0,
          "y": 0.0,
          "z": 0.0
        },
        "velocity": {
          "x": -917.6790161132813,
          "y": -1055.6400146484375,
          "z": 539.7869873046875
        },
        "rotation": {
          "pitch": 0,
          "yaw": 0,
          "roll": 0
        },
        "angular": {
          "x": 0.0,
          "y": 0.0,
          "z": 0.0
        }
      },
      "players": [
        {
          "boost": 33.0,
          "location": {
            "x": 831.385986328125,
            "y": 1458.9000244140625,
            "z": 37.995601654052734
          },
          "rotation": {
            "pitch": 0,
            "yaw": 17685,
            "roll": 0
          },
          "velocity": {
            "x": 0.0,
            "y": 0.0,
            "z": 0.0
          },
          "role": "shooter"
        }
      ]
    },
    {
      "ball": {
        "location": {
          "x": 98.06999969482422,
          "y": 3800.840087890625,
          "z": 100.4800033569336
        },
        "torque": {
          "x": 0.0,
          "y": 0.0,
          "z": 0.0
        },
        "velocity": {
          "x": 8.500080108642578,
          "y": -964.43798828125,
          "z": 5921.330078125
        },
        "rotation": {
          "pitch": 0,
          "yaw": 0,
          "roll": 0
        },
        "angular": {
          "x": 0.0,