{
  "version": 2,
  "offense": 2,
  "defense": 0,
  "description": "Passing (Infield)",
  "creator": "Wayprotein",
  "code": "CDBB-8953-C052-654F",
  "drills": [
    {
      "ball": {
        "location": {
          "x": 3655.1201171875,
          "y": 3403.260009765625,
          "z": 100.48300170898438
        },
        "torque": {
          "x": 0.0,
          "y": 0.0,
          "z": 0.0
        },
        "velocity": {
          "x": -113.7030029296875,
          "y": 789.4879760742188,
          "z": -62.11180114746094
        },
        "rotation": {
          "pitch": 0,
          "yaw": 0,
          "roll": 0
        },
        "angular": {
          "x": 0.0,
          "y": 0.0,
          "z": 0.0
        }
      },
      "players": [
        {
          "boost": 33.0,
          "location": {
            "x": 451.7799987792969,
            "y": 1080.5899658203125,
            "z": 17.01219940185547
          },
          "rotation": {
            "pitch": -100,
            "yaw": 16172,
            "roll": 0
          },
          "velocity": {
            "x": 0.0,
            "y": 0.0,
            "z": 0.0
          },
          "role": "shooter"
        },
        {
          "boost": 33.0,
          "location": {
            "x": 3737.5400390625,
            "y": 3141.219970703125,
            "z": 37.995601654052734
          },
          "rotation": {
            "pitch": 0,
            "yaw": 15604,
            "roll": 0
          },
          "velocity": {
            "x": 0.0,
            "y": 0.0,
            "z": 0.0
          },
          "role": "passer"
        }
      ]
    },
    {
      "ball": {
        "location": {
          "x": 3161.3798828125,
          "y": -492.3840026855469,
          "z": 100.48300170898438
        },
        "torque": {
          "x": 0.0,
          "y": 0.0,
          "z": 0.0
        },
        "velocity": {
          "x": 1536.4200439453125,
          "y": 1191.4599609375,
          "z": -149.02099609375
        },
        "rotation": {
          "pitch": 0,
          "yaw": 0,
          "roll": 0
        },
        "angular": {
          "x": 0.0,
          "y": 0.0,
          "z": 0.0
        }
      },
      "players": [
        {
          "boost": 33.0,
          "location": {
            "x": 736.5659790039063,
            "y": -1287.4100341796875,
            "z": 37.995601654052734
          },
          "rotation": {
            "pitch": 0,
            "yaw": 13132,
            "roll": 0
          },
          "velocity": {
            "x": 0.0,
            "y": 0.0,
            "z": 0.0
          },
          "role": "shooter"
        },
        {
          "boost": 33.0,
          "location": {
            "x": 2686.219970703125,
            "y": -379.7080078125,
            "z": 37.995601654052734
          },
          "rotation": {
            "pitch": 0,
            "yaw": 5770,
            "roll": 0
          },
          "velocity": {
            "x": 0.0,
            "y": 0.0,
            "z": 0.0
          },
          "role": "passer"
        }
      ]
    },
    {
      "ball": {
        "location": {
          "x": -2742.260009765625,
          "y": 4591.8701171875,
          "z": 100.48300170898438
        },
        "torque": {
          "x": 0.0,
          "y": 0.0,
          "z": 0.0
        },
        "velocity": {
          "x": -114.3759994506836,
          "y": -2040.75,
          "z": -157.1699981689453
        },
        "rotation": {
          "pitch": 0,
          "yaw": 0,
          "roll": 0
        },
        "angular": {
          "x": 0.0,
          "y": 0.0,
          "z": 0.0
        }
      },
      "players": [
        {
          "boost": 33.0,
          "location": {
            "x": -132.78599548339844,
            "y": -2101.52001953125,
            "z": 37.995601654052734
          },
          "rotation": {
            "pitch": 0,
            "yaw": 17857,
            "roll": 0
          },
          "velocity": {
            "x": 0.0,
            "y": 0.0,
            "z": 0.0
          },
          "role": "shooter"
        },
        {
          "boost": 33.0,
          "location": {
            "x": -3671.22998046875,
            "y": 2419.510009765625,
            "z": 37.995601654052734
          },
          "rotation": {
            "pitch": 0,
            "yaw": 47054,
            "roll": 0
          },
          "velocity": {
            "x": 0.0,
            "y": 0.0,
            "z": 0.0
          },
          "role": "passer"
        }
      ]
    },
    {
      "ball": {
        "location": {
          "x": 3044.72998046875,
          "y": 3792.659912109375,
          "z": 100.48300170898438
        },
        "torque": {
          "x": 0.0,
          "y": 0.0,
          "z": 0.0
        },
        "velocity": {
          "x": -512.1790161132813,
          "y": 1610.300048828125,
          "z": 452.21099853515625
        },
        "rotation": {
          "pitch": 0,
          "yaw": 0,
          "roll": 0
        },
        "angular": {
          "x": 0.0,
          "y": 0.0,
          "z": 0.0
        }
      },
      "players": [
        {
          "boost": 33.0,
          "location": {
            "x": -1400.5699462890625,
            "y": 1727.0699462890625,
            "z": 37.995601654052734
          },
          "rotation": {
            "pitch": 0,
            "yaw": 81662,
            "roll": 0
          },
          "velocity": {
            "x": 0.0,
            "y": 0.0,
            "z": 0.0
          },
          "role": "shooter"
        },
        {
          "boost": 33.0,
          "location": {
            "x": 3477.550048828125,
            "y": 4025.929931640625,
            "z": 37.995601654052734
          },
          "rotation": {
            "pitch": 0,
            "yaw": 89102,
            "roll": 0
          },
          "velocity": {
            "x": 0.0,
            "y": 0.0,
            "z": 0.0
          },
          "role": "passer"
        }
      ]
    },
    {
      "ball": {
        "location": {
          "x": 2902.840087890625,
          "y": 4800.02978515625,
          "z": 315.35400390625
        },
        "torque": {
          "x": 0.0,
          "y": 0.0,
          "z": 0.0
        },
        "velocity": {
          "x": 124.84400177001953,
          "y": -2097.89990234375,
          "z": -804.1680297851563
        },
        "rotation": {
          "pitch": 0,
          "yaw": 0,
          "roll": 0
        },
        "angular": {
          "x": 0.0,
          "y": 0.0,
          "z": 0.0
        }
      },
      "players": [
        {
          "boost": 33.0,
          "location": {
            "x": -1720.3399658203125,
            "y": -2552.7099609375,
            "z": 37.995601654052734
          },
          "rotation": {
            "pitch": 0,
            "yaw": 81724,
            "roll": 0
          },
          "velocity": {
            "x": 0.0,
            "y": 0.0,
            "z": 0.0
          },
          "role": "shooter"
        },
        {
          "boost": 33.0,
          "location": {
            "x": 3622.580078125,
            "y": 4037.72998046875,
            "z": 41.875999450683594
          },
          "rotation": {
            "pitch": 0,
            "yaw": 114749,
            "roll": 0
          },
          "velocity": {
            "x": 0.0,
            "y": 0.0,
            "z": 0.0
          },
          "role": "passer"
        }
      ]
    },
    {
      "ball": {
        "location": {
          "x": 2825.4599609375,
          "y": -4193.81982421875,
          "z": 197.24000549316406
        },
        "torque": {
          "x": 0.0,
          "y": 0.0,
          "z": 0.0
        },
        "velocity": {
          "x": 297.2120056152344,
          "y": 384.18499755859375,
          "z": -433.781005859375
        },
        "rotation": {
          "pitch": 0,
          "yaw": 0,
          "roll": 0
        },