{
  "version": 4,
  "offense": 2,
  "defense": 0,
  "description": "Passing (Downfield Left)",
  "creator": "Wayprotein",
  "code": "C833-6A35-A46A-7191",
  "creatorID": "Steam:76561198141816115",
  "uploader": "LiteS1de",
  "uploaderID": "EPIC:c7c8af4ec7744395b734a4c4d45f3cbc",
  "numDrills": 8,
  "drills": [
    {
      "ball": {
        "location": {
          "x": 3142.51220703125,
          "y": -4423.55419921875,
          "z": 100.0
        },
        "torque": {
          "x": 0.0,
          "y": 0.0,
          "z": 0.0
        },
        "velocity": {
          "x": -1723.2974853515625,
          "y": -157.05613708496094,
          "z": -1361.3126220703125
        },
        "rotation": {
          "pitch": 0,
          "yaw": 0,
          "roll": 0
        },
        "angular": {
          "x": 0.0,
          "y": 0.0,
          "z": 0.0
        }
      },
      "players": [
        {
          "boost": 1.0,
          "location": {
            "x": 3780.030029296875,
            "y": -2836.2900390625,
            "z": 17.049999237060547
          },
          "rotation": {
            "pitch": -174,
            "yaw": 17076,
            "roll": 0
          },
          "velocity": {
            "x": 0.0,
            "y": 0.0,
            "z": 0.2709999680519104
          },
          "role": "shooter"
        },
        {
          "boost": 100.0,
          "location": {
            "x": -444.96240234375,
            "y": -5073.0810546875,
            "z": 37.99560546875
          },
          "rotation": {
            "pitch": 0,
            "yaw": 68147,
            "roll": 0
          },
          "velocity": {
            "x": 0.0,
            "y": 0.0,
            "z": 0.0
          },
          "role": "passer"
        }
      ]
    },
    {
      "ball": {
        "location": {
          "x": 62.08250045776367,
          "y": 12.538299560546875,
          "z": 496.5299072265625
        },
        "torque": {
          "x": 0.0,
          "y": 0.0,
          "z": 0.0
        },
        "velocity": {
          "x": -62.440277099609375,
          "y": -1595.691162109375,
          "z": 92.74534606933594
        },
        "rotation": {
          "pitch": 0,
          "yaw": 0,
          "roll": 0
        },
        "angular": {
          "x": 0.0,
          "y": 0.0,
          "z": 0.0
        }
      },
      "players": [
        {
          "boost": 100.0,
          "location": {
            "x": 2966.15234375,
            "y": 4030.158935546875,
            "z": 37.995601654052734
          },
          "rotation": {
            "pitch": 0,
            "yaw": -17011,
            "roll": 0
          },
          "velocity": {
            "x": 0.0,
            "y": 0.0,
            "z": 0.0
          },
          "role": "shooter"
        },
        {
          "boost": 100.0,
          "location": {
            "x": -250.86289978027344,
            "y": -3764.5595703125,
            "z": 37.99560546875
          },
          "rotation": {
            "pitch": 0,
            "yaw": 15589,
            "roll": 0
          },
          "velocity": {
            "x": 0.0,
            "y": 0.0,
            "z": 0.0
          },
          "role": "passer"
        }
      ]
    },
    {
      "ball": {
        "location": {
          "x": 3316.41455078125,
          "y": -279.18548583984375,
          "z": 287.4088134765625
        },
        "torque": {
          "x": 0.0,
          "y": 0.0,
          "z": 0.0
        },
        "velocity": {
          "x": 1156.0748291015625,
          "y": -1521.8890380859375,
          "z": 382.1263732910156
        },
        "rotation": {
          "pitch": 0,
          "yaw": 0,
          "roll": 0
        },
        "angular": {
          "x": 0.0,
          "y": 0.0,
          "z": 0.0
        }
      },
      "players": [
        {
          "boost": 100.0,
          "location": {
            "x": 3424.63623046875,
            "y": -216.01730346679688,
            "z": 37.99560546875
          },
          "rotation": {
            "pitch": 0,
            "yaw": 18814,
            "roll": 0
          },
          "velocity": {
            "x": 0.0,
            "y": 0.0,
            "z": 0.0
          },
          "role": "shooter"
        },
        {
          "boost": 100.0,
          "location": {
            "x": 2888.411865234375,
            "y": -4052.97802734375,
            "z": 37.99560546875
          },
          "rotation": {
            "pitch": 0,
            "yaw": 81801,
            "roll": 0
          },
          "velocity": {
            "x": 0.0,
            "y": 0.0,
            "z": 0.0
          },
          "role": "passer"
        }
      ]
    },
    {
      "ball": {
        "location": {
          "x": -2719.17333984375,
          "y": 3252.1943359375,
          "z": 100.0
        },
        "torque": {
          "x": 0.0,
          "y": 0.0,
          "z": 0.0
        },
        "velocity": {
          "x": -354.2146301269531,
          "y": -2356.7783203125,
          "z": -283.1502380371094
        },
        "rotation": {
          "pitch": 0,
          "yaw": 0,
          "roll": 0
        },
        "angular": {
          "x": 0.0,
          "y": 0.0,
          "z": 0.0
        }
      },
      "players": [
        {
          "boost": 100.0,
          "location": {
            "x": 2638.9140625,
            "y": 463.8868103027344,
            "z": 37.995601654052734
          },
          "rotation": {
            "pitch": 0,
            "yaw": 22014,
            "roll": 0
          },
          "velocity": {
            "x": 0.0,
            "y": 0.0,
            "z": 0.0
          },
          "role": "shooter"
        },
        {
          "boost": 100.0,
          "location": {
            "x": -2881.917236328125,
            "y": -3579.68408203125,
            "z": 37.99560546875
          },
          "rotation": {
            "pitch": 0,
            "yaw": 20627,
            "roll": 0
          },
          "velocity": {
            "x": 0.0,
            "y": 0.0,
            "z": 0.0
          },
          "role": "passer"
        }
      ]
    },
    {
      "ball": {
        "location": {
          "x": -1676.8236083984375,
          "y": -3858.941650390625,
          "z": 100.48280334472656
        },
        "torque": {
          "x": 0.0,
          "y": 0.0,
          "z": 0.0
        },
        "velocity": {
          "x": -2687.000244140625,
          "y": 566.6817016601563,
          "z": 134.8416290283203
        },
        "rotation": {
          "pitch": 0,
          "yaw": 0,
          "roll": 0
        },
        "angular": {
          "x": 0.0,
          "y": 0.0,
          "z": 0.0
        }
      },
      "players": [
        {
          "boost": 100.0,
          "location": {
            "x": -557.07470703125,
            "y": -3369.64404296875,
            "z": 37.99560546875
          },
          "rotation": {
            "pitch": 0,
            "yaw": 17353,
            "roll": 0
          },
          "velocity": {
            "x": 0.0,
            "y": 0.0,
            "z": 0.0
          },
          "role": "shooter"
        },
        {
          "boost": 100.0,
          "location": {
            "x": -1246.3070068359375,
            "y": -4215.24755859375,
            "z": 37.99560546875
          },
          "rotation": {
            "pitch": 0,
            "yaw": -38184,
            "roll": 0
          },
          "velocity": {
            "x": 0.0,
            "y": 0.0,
            "z": 0.0
          },
          "role": "passer"
        }
      ]
    },
    {
      "ball": {
        "location": {
          "x": -501.940185546875,
          "y": -2687.324951171875,
          "z": 100.0
        },
        "torque": {
          "x": 0.0,
          "y": 0.0,
          "z": 0.0
        },
        "velocity": {
          "x": -171.8080596923828,
          "y": 469.3719482421875,
          "z": 5.24049186706543
        },