{"version":4,"offense":3,"defense":0,"description":"shooting","creator":"Mater","code":"","creatorID":"","uploader":"Ko0onan","uploaderID":"EPIC:b5243187a8fd4cd7885eba0b08d8d79f","numDrills":1,"drills":[{"ball":{"location":{"x":2925.550048828125,"y":-2020.7099609375,"z":100.4800033569336},"torque":{"x":0,"y":0,"z":0},"velocity":{"x":-1037.5799560546875,"y":-1937.592529296875,"z":-92.90650177001953},"rotation":{"pitch":0,"yaw":0,"roll":0},"angular":{"x":0,"y":0,"z":0}},"players":[{"boost":1,"location":{"x":-3540.02001953125,"y":-1894.199951171875,"z":17.010000228881836},"rotation":{"pitch":-100,"yaw":21820,"roll":0},"velocity":{"x":0,"y":0.010999999940395355,"z":0.210999995470047},"role":"shooter"},{"boost":100,"location":{"x":1561.1627197265625,"y":-4618.78662109375,"z":37.995601654052734},"rotation":{"pitch":0,"yaw":10797,"roll":0},"velocity":{"x":0,"y":0,"z":0},"role":"passer"},{"boost":100,"location":{"x":1318.9656982421875,"y":-3011.083251953125,"z":37.995601654052734},"rotation":{"pitch":0,"yaw":21942,"roll":0},"velocity":{"x":0,"y":0,"z":0},"role":"passer"}]}],"uploadID":1412}