{"version":4,"offense":1,"defense":1,"description":"Defense Transition","creator":"cara","code":"7445-A06A-E991-88C2","creatorID":"Steam:76561198329842012","uploader":"cara","uploaderID":"EPIC:095c449060884b688e9c90b0c86ea628","numDrills":2,"drills":[{"ball":{"location":{"x":1308.1500244140625,"y":2969.239990234375,"z":100},"torque":{"x":0,"y":0,"z":0},"velocity":{"x":313.4914855957031,"y":-536.9493408203125,"z":-652.5673828125},"rotation":{"pitch":0,"yaw":0,"roll":0},"angular":{"x":0,"y":0,"z":0}},"players":[{"boost":1,"location":{"x":645.4099731445312,"y":4861.48974609375,"z":17.010000228881836},"rotation":{"pitch":-100,"yaw":-12844,"roll":0},"velocity":{"x":0,"y":0,"z":0.210999995470047},"role":"shooter"},{"boost":100,"location":{"x":-2182.781982421875,"y":1021.8195190429688,"z":37.99560546875},"rotation":{"pitch":0,"yaw":2474,"roll":0},"velocity":{"x":0,"y":0,"z":0},"role":"defender"}]},{"ball":{"location":{"x":-2058.389892578125,"y":3286.14990234375,"z":783.5},"torque":{"x":0,"y":0,"z":0},"velocity":{"x":313.4865417480469,"y":-536.940673828125,"z":-652.8927001953125},"rotation":{"pitch":0,"yaw":0,"roll":0},"angular":{"x":0,"y":0,"z":0}},"players":[{"boost":100,"location":{"x":-3526.010498046875,"y":2870.733642578125,"z":37.99560546875},"rotation":{"pitch":0,"yaw":49746,"roll":0},"velocity":{"x":0,"y":0,"z":0},"role":"shooter"},{"boost":100,"location":{"x":-3734.2099609375,"y":-480.7887878417969,"z":37.995601654052734},"rotation":{"pitch":0,"yaw":12976,"roll":0},"velocity":{"x":0,"y":0,"z":0},"role":"defender"}]}],"uploadID":1435}