{
  "version": 4,
  "offense": 1,
  "defense": 1,
  "description": "Defense Transition",
  "creator": "cara",
  "code": "7445-A06A-E991-88C2",
  "creatorID": "Steam:76561198329842012",
  "uploader": "cara",
  "uploaderID": "EPIC:095c449060884b688e9c90b0c86ea628",
  "numDrills": 5,
  "drills": [
    {
      "ball": {
        "location": {
          "x": 1308.1500244140625,
          "y": 2969.239990234375,
          "z": 100.0
        },
        "torque": {
          "x": 0.0,
          "y": 0.0,
          "z": 0.0
        },
        "velocity": {
          "x": 313.47528076171875,
          "y": -536.9209594726563,
          "z": -653.6311645507813
        },
        "rotation": {
          "pitch": 0,
          "yaw": 0,
          "roll": 0
        },
        "angular": {
          "x": 0.0,
          "y": 0.0,
          "z": 0.0
        }
      },
      "players": [
        {
          "boost": 1.0,
          "location": {
            "x": 645.4099731445313,
            "y": 4861.48974609375,
            "z": 17.010000228881836
          },
          "rotation": {
            "pitch": -100,
            "yaw": -12844,
            "roll": 0
          },
          "velocity": {
            "x": 0.0,
            "y": 0.0,
            "z": 0.210999995470047
          },
          "role": "shooter"
        },
        {
          "boost": 100.0,
          "location": {
            "x": -2182.781982421875,
            "y": 1021.8195190429688,
            "z": 37.99560546875
          },
          "rotation": {
            "pitch": 0,
            "yaw": 2474,
            "roll": 0
          },
          "velocity": {
            "x": 0.0,
            "y": 0.0,
            "z": 0.0
          },
          "role": "defender"
        }
      ]
    },
    {
      "ball": {
        "location": {
          "x": -2058.389892578125,
          "y": 3286.14990234375,
          "z": 783.5
        },
        "torque": {
          "x": 0.0,
          "y": 0.0,
          "z": 0.0
        },
        "velocity": {
          "x": 313.4742736816406,
          "y": -536.919189453125,
          "z": -653.69775390625
        },
        "rotation": {
          "pitch": 0,
          "yaw": 0,
          "roll": 0
        },
        "angular": {
          "x": 0.0,
          "y": 0.0,
          "z": 0.0
        }
      },
      "players": [
        {
          "boost": 100.0,
          "location": {
            "x": -3526.010498046875,
            "y": 2870.733642578125,
            "z": 37.99560546875
          },
          "rotation": {
            "pitch": 0,
            "yaw": 49746,
            "roll": 0
          },
          "velocity": {
            "x": 0.0,
            "y": 0.0,
            "z": 0.0
          },
          "role": "shooter"
        },
        {
          "boost": 100.0,
          "location": {
            "x": -3734.2099609375,
            "y": -480.7887878417969,
            "z": 37.995601654052734
          },
          "rotation": {
            "pitch": 0,
            "yaw": 12976,
            "roll": 0
          },
          "velocity": {
            "x": 0.0,
            "y": 0.0,
            "z": 0.0
          },
          "role": "defender"
        }
      ]
    },
    {
      "ball": {
        "location": {
          "x": 1252.219970703125,
          "y": 4636.33984375,
          "z": 100.0
        },
        "torque": {
          "x": 0.0,
          "y": 0.0,
          "z": 0.0
        },
        "velocity": {
          "x": -1523.153076171875,
          "y": -2005.10595703125,
          "z": 397.1763610839844
        },
        "rotation": {
          "pitch": 0,
          "yaw": 0,
          "roll": 0
        },
        "angular": {
          "x": 0.0,
          "y": 0.0,
          "z": 0.0
        }
      },
      "players": [
        {
          "boost": 100.0,
          "location": {
            "x": 904.4896240234375,
            "y": 4855.8173828125,
            "z": 37.995601654052734
          },
          "rotation": {
            "pitch": 0,
            "yaw": -6018,
            "roll": 0
          },
          "velocity": {
            "x": 0.0,
            "y": 0.0,
            "z": 0.0
          },
          "role": "shooter"
        },
        {
          "boost": 100.0,
          "location": {
            "x": 3660.445556640625,
            "y": 1893.459228515625,
            "z": 37.99560546875
          },
          "rotation": {
            "pitch": 0,
            "yaw": 20974,
            "roll": 0
          },
          "velocity": {
            "x": 0.0,
            "y": 0.0,
            "z": 0.0
          },
          "role": "defender"
        }
      ]
    },
    {
      "ball": {
        "location": {
          "x": 2087.89990234375,
          "y": -2494.969970703125,
          "z": 100.0
        },
        "torque": {
          "x": 0.0,
          "y": 0.0,
          "z": 0.0
        },
        "velocity": {
          "x": 2191.01611328125,
          "y": -1406.3514404296875,
          "z": 1157.353515625
        },
        "rotation": {
          "pitch": 0,
          "yaw": 0,
          "roll": 0
        },
        "angular": {
          "x": 0.0,
          "y": 0.0,
          "z": 0.0
        }
      },
      "players": [
        {
          "boost": 100.0,
          "location": {
            "x": -1163.85888671875,
            "y": -4707.9130859375,
            "z": 37.995601654052734
          },
          "rotation": {
            "pitch": 0,
            "yaw": 6659,
            "roll": 0
          },
          "velocity": {
            "x": 0.0,
            "y": 0.0,
            "z": 0.0
          },
          "role": "shooter"
        },
        {
          "boost": 100.0,
          "location": {
            "x": -1991.471923828125,
            "y": -2142.46875,
            "z": 37.995601654052734
          },
          "rotation": {
            "pitch": 0,
            "yaw": -9788,
            "roll": 0
          },
          "velocity": {
            "x": 0.0,
            "y": 0.0,
            "z": 0.0
          },
          "role": "defender"
        }
      ]
    },
    {
      "ball": {
        "location": {
          "x": -2552.7099609375,
          "y": -3383.0,
          "z": 100.0
        },
        "torque": {
          "x": 0.0,
          "y": 0.0,
          "z": 0.0
        },
        "velocity": {
          "x": -560.30517578125,
          "y": -2661.81396484375,
          "z": 1263.96337890625
        },
        "rotation": {
          "pitch": 0,
          "yaw": 0,
          "roll": 0
        },
        "angular": {
          "x": 0.0,
          "y": 0.0,
          "z": 0.0
        }
      },
      "players": [
        {
          "boost": 100.0,
          "location": {
            "x": 2744.568115234375,
            "y": -4540.7451171875,
            "z": 37.99560546875
          },
          "rotation": {
            "pitch": 0,
            "yaw": 9751,
            "roll": 0
          },
          "velocity": {
            "x": 0.0,
            "y": 0.0,
            "z": 0.0
          },
          "role": "shooter"
        },
        {
          "boost": 100.0,
          "location": {
            "x": 1921.82958984375,
            "y": -2133.493408203125,
            "z": 37.99560546875
          },
          "rotation": {
            "pitch": 0,
            "yaw": -19939,
            "roll": 0
          },
          "velocity": {
            "x": 0.0,
            "y": 0.0,
            "z": 0.0
          },
          "role": "defender"
        }
      ]
    }
  ]
}