{"version":4,"offense":1,"defense":0,"description":"Asterk Black","creator":"Kpcty","code":"B7C8-70DE-CE6B-F418","creatorID":"Unknown:","uploader":"Kpcty","uploaderID":"EPIC:f38b58c5e5114e558d9f51260646ca50","numDrills":3,"notes":"lol","drills":[{"ball":{"location":{"x":-4.96999979019165,"y":16.139999389648438,"z":100.47999572753906},"torque":{"x":0,"y":0,"z":0},"velocity":{"x":0,"y":0,"z":0},"rotation":{"pitch":0,"yaw":0,"roll":0},"angular":{"x":0,"y":0,"z":0}},"players":[{"boost":1,"location":{"x":3422.409912109375,"y":-3878.68994140625,"z":17.049999237060547},"rotation":{"pitch":-175,"yaw":21008,"roll":0},"velocity":{"x":0,"y":0,"z":0.2709999680519104},"role":"shooter"}]},{"ball":{"location":{"x":-2026.3699951171875,"y":-1896.5198974609375,"z":400.3399963378906},"torque":{"x":0,"y":0,"z":0},"velocity":{"x":-461.68267822265625,"y":-682.4234619140625,"z":198.4409942626953},"rotation":{"pitch":0,"yaw":0,"roll":0},"angular":{"x":0,"y":0,"z":0}},"players":[{"boost":100,"location":{"x":520.888671875,"y":-4658.48681640625,"z":37.99560546875},"rotation":{"pitch":0,"yaw":23883,"roll":0},"velocity":{"x":0,"y":0,"z":0},"role":"shooter"}]},{"ball":{"location":{"x":0,"y":4120,"z":100.4800033569336},"torque":{"x":0,"y":0,"z":0},"velocity":{"x":0,"y":0,"z":0},"rotation":{"pitch":0,"yaw":0,"roll":0},"angular":{"x":0,"y":0,"z":0}},"players":[{"boost":100,"location":{"x":-2809.422607421875,"y":-1425.2410888671875,"z":37.99560546875},"rotation":{"pitch":0,"yaw":8115,"roll":0},"velocity":{"x":0,"y":0,"z":0},"role":"shooter"}]}],"uploadID":1536}