{"version":4,"offense":2,"defense":0,"description":"Hoops","creator":"Ghost_toast","code":"C1BC-92BB-543E-B498","creatorID":"Steam:76561198062604351","uploader":"rawshaxx","uploaderID":"EPIC:a5093f228863402fab683f54a7f09e69","numDrills":1,"tags":["Aerials"],"drills":[{"ball":{"location":{"x":-2787.280029296875,"y":-202.25,"z":785.9299926757812},"torque":{"x":0,"y":0,"z":0},"velocity":{"x":1181.502685546875,"y":525.3444213867188,"z":940.763671875},"rotation":{"pitch":0,"yaw":0,"roll":0},"angular":{"x":0,"y":0,"z":0}},"players":[{"boost":1,"location":{"x":-5.679999828338623,"y":2782.97998046875,"z":17.010000228881836},"rotation":{"pitch":-101,"yaw":-16364,"roll":0},"velocity":{"x":0,"y":0,"z":0.210999995470047},"role":"shooter"},{"boost":100,"location":{"x":0.00559999980032444,"y":-1501.7576904296875,"z":37.995601654052734},"rotation":{"pitch":0,"yaw":16384,"roll":0},"velocity":{"x":0,"y":0,"z":0},"role":"passer"}]}],"uploadID":1550}