{
  "version": 4,
  "offense": 1,
  "defense": 0,
  "description": "Passing (Downfield Left)",
  "creator": "Wayprotein",
  "code": "C833-6A35-A46A-7191",
  "creatorID": "Steam:76561198141816115",
  "uploader": "Woody",
  "uploaderID": "EPIC:07de2f80e48b4fcb9e72d99e0d19c4fa",
  "numDrills": 16,
  "drills": [
    {
      "ball": {
        "location": {
          "x": 3142.510009765625,
          "y": -4423.5498046875,
          "z": 100.0
        },
        "torque": {
          "x": 0.0,
          "y": 0.0,
          "z": 0.0
        },
        "velocity": {
          "x": 635.3937377929688,
          "y": 2352.09912109375,
          "z": 1272.958984375
        },
        "rotation": {
          "pitch": 0,
          "yaw": 0,
          "roll": 0
        },
        "angular": {
          "x": 0.0,
          "y": 0.0,
          "z": 0.0
        }
      },
      "players": [
        {
          "boost": 1.0,
          "location": {
            "x": -444.9599914550781,
            "y": -5073.080078125,
            "z": 17.010000228881836
          },
          "rotation": {
            "pitch": -100,
            "yaw": 2608,
            "roll": 0
          },
          "velocity": {
            "x": 0.0,
            "y": 0.0,
            "z": 0.210999995470047
          },
          "role": "shooter"
        }
      ]
    },
    {
      "ball": {
        "location": {
          "x": 62.08250045776367,
          "y": 12.538299560546875,
          "z": 496.5299072265625
        },
        "torque": {
          "x": 0.0,
          "y": 0.0,
          "z": 0.0
        },
        "velocity": {
          "x": -62.44359588623047,
          "y": -1595.7591552734375,
          "z": 93.64762115478516
        },
        "rotation": {
          "pitch": 0,
          "yaw": 0,
          "roll": 0
        },
        "angular": {
          "x": 0.0,
          "y": 0.0,
          "z": 0.0
        }
      },
      "players": [
        {
          "boost": 100.0,
          "location": {
            "x": -250.86289978027344,
            "y": -3764.5595703125,
            "z": 37.99560546875
          },
          "rotation": {
            "pitch": 0,
            "yaw": 15589,
            "roll": 0
          },
          "velocity": {
            "x": 0.0,
            "y": 0.0,
            "z": 0.0
          },
          "role": "shooter"
        }
      ]
    },
    {
      "ball": {
        "location": {
          "x": 2858.673095703125,
          "y": -2344.74853515625,
          "z": 100.48280334472656
        },
        "torque": {
          "x": 0.0,
          "y": 0.0,
          "z": 0.0
        },
        "velocity": {
          "x": -146.9860382080078,
          "y": 1746.085205078125,
          "z": 1156.59326171875
        },
        "rotation": {
          "pitch": 0,
          "yaw": 0,
          "roll": 0
        },
        "angular": {
          "x": 0.0,
          "y": 0.0,
          "z": 0.0
        }
      },
      "players": [
        {
          "boost": 100.0,
          "location": {
            "x": 3424.63623046875,
            "y": -216.01730346679688,
            "z": 37.99560546875
          },
          "rotation": {
            "pitch": 0,
            "yaw": 18814,
            "roll": 0
          },
          "velocity": {
            "x": 0.0,
            "y": 0.0,
            "z": 0.0
          },
          "role": "shooter"
        }
      ]
    },
    {
      "ball": {
        "location": {
          "x": 3316.41455078125,
          "y": -279.18548583984375,
          "z": 287.4088134765625
        },
        "torque": {
          "x": 0.0,
          "y": 0.0,
          "z": 0.0
        },
        "velocity": {
          "x": 1156.1202392578125,
          "y": -1521.947998046875,
          "z": 382.9613342285156
        },
        "rotation": {
          "pitch": 0,
          "yaw": 0,
          "roll": 0
        },
        "angular": {
          "x": 0.0,
          "y": 0.0,
          "z": 0.0
        }
      },
      "players": [
        {
          "boost": 100.0,
          "location": {
            "x": 2888.411865234375,
            "y": -4052.97802734375,
            "z": 37.99560546875
          },
          "rotation": {
            "pitch": 0,
            "yaw": 81801,
            "roll": 0
          },
          "velocity": {
            "x": 0.0,
            "y": 0.0,
            "z": 0.0
          },
          "role": "shooter"
        }
      ]
    },
    {
      "ball": {
        "location": {
          "x": -2877.291015625,
          "y": -794.5424194335938,
          "z": 100.48280334472656
        },
        "torque": {
          "x": 0.0,
          "y": 0.0,
          "z": 0.0
        },
        "velocity": {
          "x": 1602.0430908203125,
          "y": 1558.406982421875,
          "z": 1000.9446411132813
        },
        "rotation": {
          "pitch": 0,
          "yaw": 0,
          "roll": 0
        },
        "angular": {
          "x": 0.0,
          "y": 0.0,
          "z": 0.0
        }
      },
      "players": [
        {
          "boost": 100.0,
          "location": {
            "x": 2638.9140625,
            "y": 463.8868103027344,
            "z": 37.995601654052734
          },
          "rotation": {
            "pitch": 0,
            "yaw": 22014,
            "roll": 0
          },
          "velocity": {
            "x": 0.0,
            "y": 0.0,
            "z": 0.0
          },
          "role": "shooter"
        }
      ]
    },
    {
      "ball": {
        "location": {
          "x": -2719.17333984375,
          "y": 3252.1943359375,
          "z": 100.0
        },
        "torque": {
          "x": 0.0,
          "y": 0.0,
          "z": 0.0
        },
        "velocity": {
          "x": -354.21099853515625,
          "y": -2356.754150390625,
          "z": -283.3650817871094
        },
        "rotation": {
          "pitch": 0,
          "yaw": 0,
          "roll": 0
        },
        "angular": {
          "x": 0.0,
          "y": 0.0,
          "z": 0.0
        }
      },
      "players": [
        {
          "boost": 100.0,
          "location": {
            "x": -2881.917236328125,
            "y": -3579.68408203125,
            "z": 37.99560546875
          },
          "rotation": {
            "pitch": 0,
            "yaw": 20627,
            "roll": 0
          },
          "velocity": {
            "x": 0.0,
            "y": 0.0,
            "z": 0.0
          },
          "role": "shooter"
        }
      ]
    },
    {
      "ball": {
        "location": {
          "x": -3896.715576171875,
          "y": -3092.095458984375,
          "z": 1227.1690673828125
        },
        "torque": {
          "x": 0.0,
          "y": 0.0,
          "z": 0.0
        },
        "velocity": {
          "x": 1509.2977294921875,
          "y": 1093.5655517578125,
          "z": 367.6272277832031
        },
        "rotation": {
          "pitch": 0,
          "yaw": 0,
          "roll": 0
        },
        "angular": {
          "x": 0.0,
          "y": 0.0,
          "z": 0.0
        }
      },
      "players": [
        {
          "boost": 100.0,
          "location": {
            "x": -557.07470703125,
            "y": -3369.64404296875,
            "z": 37.99560546875
          },
          "rotation": {
            "pitch": 0,
            "yaw": 17353,
            "roll": 0
          },
          "velocity": {
            "x": 0.0,
            "y": 0.0,
            "z": 0.0
          },
          "role": "shooter"
        }
      ]
    },
    {
      "ball": {
        "location": {
          "x": -1676.8236083984375,
          "y": -3858.941650390625,
          "z": 100.48280334472656
        },
        "torque": {
          "x": 0.0,
          "y": 0.0,
          "z": 0.0
        },
        "velocity": {
          "x": -2687.025634765625,
          "y": 566.6871948242188,
          "z": 135.0415802001953
        },
        "rotation": {
          "pitch": 0,