{"version":4,"offense":2,"defense":0,"description":"HoopsKickoffTraining","creator":"sky","code":"9B34-1A35-5D32-2B3E","creatorID":"Unknown:","uploader":"sky","uploaderID":"EPIC:1f19bbcd5d0a4b5cb8b4fac248e11a62","numDrills":1,"drills":[{"ball":{"location":{"x":1.090000033378601,"y":2.680000066757202,"z":100.4800033569336},"torque":{"x":0,"y":0,"z":0},"velocity":{"x":0,"y":0,"z":0},"rotation":{"pitch":0,"yaw":0,"roll":0},"angular":{"x":0,"y":0,"z":0}},"players":[{"boost":0.33000001311302185,"location":{"x":263.47998046875,"y":2782.7099609375,"z":17.010000228881836},"rotation":{"pitch":-101,"yaw":-16400,"roll":0},"velocity":{"x":0,"y":0,"z":0.2709999680519104},"role":"shooter"},{"boost":100,"location":{"x":-0.9810000061988831,"y":3185.38818359375,"z":38},"rotation":{"pitch":0,"yaw":49319,"roll":0},"velocity":{"x":0,"y":0,"z":0},"role":"passer"}]}],"uploadID":1572}