{
  "version": 4,
  "offense": 2,
  "defense": 0,
  "description": "Passing (Downfield Right)",
  "creator": "Wayprotein",
  "code": "0590-9035-801A-E423",
  "creatorID": "Steam:76561198141816115",
  "uploader": "LeedleM",
  "uploaderID": "EPIC:b55669f3eedd4b7c9ffce2e83b3b5d91",
  "numDrills": 8,
  "drills": [
    {
      "ball": {
        "location": {
          "x": -2834.868896484375,
          "y": -4422.9873046875,
          "z": 100.48280334472656
        },
        "torque": {
          "x": 0.0,
          "y": 0.0,
          "z": 0.0
        },
        "velocity": {
          "x": -235.92767333984375,
          "y": 2599.67431640625,
          "z": 1251.0966796875
        },
        "rotation": {
          "pitch": 0,
          "yaw": 0,
          "roll": 0
        },
        "angular": {
          "x": 0.0,
          "y": 0.0,
          "z": 0.0
        }
      },
      "players": [
        {
          "boost": 1.0,
          "location": {
            "x": 869.1900024414063,
            "y": -1569.0699462890625,
            "z": 17.010000228881836
          },
          "rotation": {
            "pitch": -100,
            "yaw": 5404,
            "roll": 0
          },
          "velocity": {
            "x": 0.0,
            "y": 0.0,
            "z": 0.2709999680519104
          },
          "role": "shooter"
        },
        {
          "boost": 100.0,
          "location": {
            "x": -3593.458251953125,
            "y": -1578.4005126953125,
            "z": 38.0
          },
          "rotation": {
            "pitch": 0,
            "yaw": 19017,
            "roll": 0
          },
          "velocity": {
            "x": 0.0,
            "y": 0.0,
            "z": 0.0
          },
          "role": "passer"
        }
      ]
    },
    {
      "ball": {
        "location": {
          "x": 2403.5361328125,
          "y": 1829.6234130859375,
          "z": 100.48280334472656
        },
        "torque": {
          "x": 0.0,
          "y": 0.0,
          "z": 0.0
        },
        "velocity": {
          "x": 2065.481201171875,
          "y": -2026.2491455078125,
          "z": -184.0108642578125
        },
        "rotation": {
          "pitch": 0,
          "yaw": 0,
          "roll": 0
        },
        "angular": {
          "x": 0.0,
          "y": 0.0,
          "z": 0.0
        }
      },
      "players": [
        {
          "boost": 100.0,
          "location": {
            "x": -583.964111328125,
            "y": -5166.03466796875,
            "z": 38.0
          },
          "rotation": {
            "pitch": 0,
            "yaw": 67897,
            "roll": 0
          },
          "velocity": {
            "x": 0.0,
            "y": 0.0,
            "z": 0.0
          },
          "role": "shooter"
        },
        {
          "boost": 100.0,
          "location": {
            "x": 3237.82373046875,
            "y": -3904.29345703125,
            "z": 38.0
          },
          "rotation": {
            "pitch": 0,
            "yaw": 10157,
            "roll": 0
          },
          "velocity": {
            "x": 0.0,
            "y": 0.0,
            "z": 0.0
          },
          "role": "passer"
        }
      ]
    },
    {
      "ball": {
        "location": {
          "x": 2664.743408203125,
          "y": -1405.7852783203125,
          "z": 100.48280334472656
        },
        "torque": {
          "x": 0.0,
          "y": 0.0,
          "z": 0.0
        },
        "velocity": {
          "x": 2958.894287109375,
          "y": 221.676025390625,
          "z": 1311.6915283203125
        },
        "rotation": {
          "pitch": 0,
          "yaw": 0,
          "roll": 0
        },
        "angular": {
          "x": 0.0,
          "y": 0.0,
          "z": 0.0
        }
      },
      "players": [
        {
          "boost": 100.0,
          "location": {
            "x": -2604.9580078125,
            "y": 123.49569702148438,
            "z": 38.0
          },
          "rotation": {
            "pitch": 0,
            "yaw": 15272,
            "roll": 0
          },
          "velocity": {
            "x": 0.0,
            "y": 0.0,
            "z": 0.0
          },
          "role": "shooter"
        },
        {
          "boost": 100.0,
          "location": {
            "x": 332.69610595703125,
            "y": -3637.580078125,
            "z": 38.0
          },
          "rotation": {
            "pitch": 0,
            "yaw": 12636,
            "roll": 0
          },
          "velocity": {
            "x": 0.0,
            "y": 0.0,
            "z": 0.0
          },
          "role": "passer"
        }
      ]
    },
    {
      "ball": {
        "location": {
          "x": 1776.574462890625,
          "y": -3695.656494140625,
          "z": 100.48280334472656
        },
        "torque": {
          "x": 0.0,
          "y": 0.0,
          "z": 0.0
        },
        "velocity": {
          "x": 42.2813720703125,
          "y": 347.2343444824219,
          "z": -13.969198226928711
        },
        "rotation": {
          "pitch": 0,
          "yaw": 0,
          "roll": 0
        },
        "angular": {
          "x": 0.0,
          "y": 0.0,
          "z": 0.0
        }
      },
      "players": [
        {
          "boost": 100.0,
          "location": {
            "x": -2097.904296875,
            "y": -4337.5986328125,
            "z": 38.0
          },
          "rotation": {
            "pitch": 0,
            "yaw": 24536,
            "roll": 0
          },
          "velocity": {
            "x": 0.0,
            "y": 0.0,
            "z": 0.0
          },
          "role": "shooter"
        },
        {
          "boost": 100.0,
          "location": {
            "x": 1526.151611328125,
            "y": -4297.92236328125,
            "z": 38.0
          },
          "rotation": {
            "pitch": 0,
            "yaw": 12596,
            "roll": 0
          },
          "velocity": {
            "x": 0.0,
            "y": 0.0,
            "z": 0.0
          },
          "role": "passer"
        }
      ]
    },
    {
      "ball": {
        "location": {
          "x": 1377.6346435546875,
          "y": -755.9285278320313,
          "z": 100.48280334472656
        },
        "torque": {
          "x": 0.0,
          "y": 0.0,
          "z": 0.0
        },
        "velocity": {
          "x": -2197.538330078125,
          "y": 1071.49462890625,
          "z": -150.75039672851563
        },
        "rotation": {
          "pitch": 0,
          "yaw": 0,
          "roll": 0
        },
        "angular": {
          "x": 0.0,
          "y": 0.0,
          "z": 0.0
        }
      },
      "players": [
        {
          "boost": 100.0,
          "location": {
            "x": -1155.1378173828125,
            "y": -2406.34765625,
            "z": 38.0
          },
          "rotation": {
            "pitch": 0,
            "yaw": 13734,
            "roll": 0
          },
          "velocity": {
            "x": 0.0,
            "y": 0.0,
            "z": 0.0
          },
          "role": "shooter"
        },
        {
          "boost": 100.0,
          "location": {
            "x": -2162.765380859375,
            "y": -1309.873779296875,
            "z": 38.0
          },
          "rotation": {
            "pitch": 0,
            "yaw": 14904,
            "roll": 0
          },
          "velocity": {
            "x": 0.0,
            "y": 0.0,
            "z": 0.0
          },
          "role": "passer"
        }
      ]
    },
    {
      "ball": {
        "location": {
          "x": -939.56689453125,
          "y": -4774.9658203125,
          "z": 504.44329833984375
        },
        "torque": {
          "x": 0.0,
          "y": 0.0,
          "z": 0.0
        },
        "velocity": {
          "x": -1372.0389404296875,
          "y": 2242.04443359375,
          "z": 320.0600891113281
        },
        "rotation": {
          "pitch": 0,
          "yaw": 0,