{
  "version": 2,
  "offense": 2,
  "defense": 0,
  "description": "Passing (Downfield Right)",
  "creator": "Wayprotein",
  "code": "0590-9035-801A-E423",
  "drills": [
    {
      "ball": {
        "location": {
          "x": -3014.719970703125,
          "y": -4496.02978515625,
          "z": 100.0
        },
        "torque": {
          "x": 0.0,
          "y": 0.0,
          "z": 0.0
        },
        "velocity": {
          "x": 1469.43994140625,
          "y": -261.3609924316406,
          "z": -1255.6099853515625
        },
        "rotation": {
          "pitch": 0,
          "yaw": 0,
          "roll": 0
        },
        "angular": {
          "x": 0.0,
          "y": 0.0,
          "z": 0.0
        }
      },
      "players": [
        {
          "boost": 33.0,
          "location": {
            "x": -3637.68994140625,
            "y": -3049.909912109375,
            "z": 17.01180076599121
          },
          "rotation": {
            "pitch": -100,
            "yaw": 15504,
            "roll": 0
          },
          "velocity": {
            "x": 0.0,
            "y": 0.0,
            "z": 0.0
          },
          "role": "shooter"
        },
        {
          "boost": 33.0,
          "location": {
            "x": 583.9639892578125,
            "y": -5166.02978515625,
            "z": 37.995601654052734
          },
          "rotation": {
            "pitch": 0,
            "yaw": -35129,
            "roll": 0
          },
          "velocity": {
            "x": 0.0,
            "y": 0.0,
            "z": 0.0
          },
          "role": "passer"
        }
      ]
    },
    {
      "ball": {
        "location": {
          "x": -1250.3699951171875,
          "y": -1362.2099609375,
          "z": 503.9930114746094
        },
        "torque": {
          "x": 0.0,
          "y": 0.0,
          "z": 0.0
        },
        "velocity": {
          "x": 353.8340148925781,
          "y": -1457.5899658203125,
          "z": -0.46780499815940857
        },
        "rotation": {
          "pitch": 0,
          "yaw": 0,
          "roll": 0
        },
        "angular": {
          "x": 0.0,
          "y": 0.0,
          "z": 0.0
        }
      },
      "players": [
        {
          "boost": 33.0,
          "location": {
            "x": -3468.0,
            "y": 4144.31005859375,
            "z": 38.448699951171875
          },
          "rotation": {
            "pitch": 0,
            "yaw": 50390,
            "roll": 0
          },
          "velocity": {
            "x": 0.0,
            "y": 0.0,
            "z": 0.0
          },
          "role": "shooter"
        },
        {
          "boost": 33.0,
          "location": {
            "x": -57.34769821166992,
            "y": -4911.56005859375,
            "z": 37.995601654052734
          },
          "rotation": {
            "pitch": 0,
            "yaw": 20814,
            "roll": 0
          },
          "velocity": {
            "x": 0.0,
            "y": 0.0,
            "z": 0.0
          },
          "role": "passer"
        }
      ]
    },
    {
      "ball": {
        "location": {
          "x": 1776.5699462890625,
          "y": -3695.659912109375,
          "z": 100.48300170898438
        },
        "torque": {
          "x": 0.0,
          "y": 0.0,
          "z": 0.0
        },
        "velocity": {
          "x": 42.29890060424805,
          "y": 347.3919982910156,
          "z": -4.501949787139893
        },
        "rotation": {
          "pitch": 0,
          "yaw": 0,
          "roll": 0
        },
        "angular": {
          "x": 0.0,
          "y": 0.0,
          "z": 0.0
        }
      },
      "players": [
        {
          "boost": 33.0,
          "location": {
            "x": -2162.77001953125,
            "y": -1309.8699951171875,
            "z": 37.995601654052734
          },
          "rotation": {
            "pitch": 0,
            "yaw": 14904,
            "roll": 0
          },
          "velocity": {
            "x": 0.0,
            "y": 0.0,
            "z": 0.0
          },
          "role": "shooter"
        },
        {
          "boost": 33.0,
          "location": {
            "x": 1526.1500244140625,
            "y": -4297.919921875,
            "z": 37.995601654052734
          },
          "rotation": {
            "pitch": 0,
            "yaw": 12596,
            "roll": 0
          },
          "velocity": {
            "x": 0.0,
            "y": 0.0,
            "z": 0.0
          },
          "role": "passer"
        }
      ]
    },
    {
      "ball": {
        "location": {
          "x": -2905.699951171875,
          "y": -1608.8399658203125,
          "z": 652.3679809570313
        },
        "torque": {
          "x": 0.0,
          "y": 0.0,
          "z": 0.0
        },
        "velocity": {
          "x": -1825.6700439453125,
          "y": -1476.1500244140625,
          "z": -101.30000305175781
        },
        "rotation": {
          "pitch": 0,
          "yaw": 0,
          "roll": 0
        },
        "angular": {
          "x": 0.0,
          "y": 0.0,
          "z": 0.0
        }
      },
      "players": [
        {
          "boost": 33.0,
          "location": {
            "x": -3593.4599609375,
            "y": -1578.4000244140625,
            "z": 37.995601654052734
          },
          "rotation": {
            "pitch": 0,
            "yaw": 19017,
            "roll": 0
          },
          "velocity": {
            "x": 0.0,
            "y": 0.0,
            "z": 0.0
          },
          "role": "shooter"
        },
        {
          "boost": 33.0,
          "location": {
            "x": -2097.89990234375,
            "y": -4337.60009765625,
            "z": 37.995601654052734
          },
          "rotation": {
            "pitch": 0,
            "yaw": 24536,
            "roll": 0
          },
          "velocity": {
            "x": 0.0,
            "y": 0.0,
            "z": 0.0
          },
          "role": "passer"
        }
      ]
    },
    {
      "ball": {
        "location": {
          "x": 1975.699951171875,
          "y": 3634.860107421875,
          "z": 774.77197265625
        },
        "torque": {
          "x": 0.0,
          "y": 0.0,
          "z": 0.0
        },
        "velocity": {
          "x": 473.9779968261719,
          "y": -2290.8798828125,
          "z": 221.66200256347656
        },
        "rotation": {
          "pitch": 0,
          "yaw": 0,
          "roll": 0
        },
        "angular": {
          "x": 0.0,
          "y": 0.0,
          "z": 0.0
        }
      },
      "players": [
        {
          "boost": 33.0,
          "location": {
            "x": 332.6960144042969,
            "y": -3637.580078125,
            "z": 37.995601654052734
          },
          "rotation": {
            "pitch": 0,
            "yaw": 12636,
            "roll": 0
          },
          "velocity": {
            "x": 0.0,
            "y": 0.0,
            "z": 0.0
          },
          "role": "shooter"
        },
        {
          "boost": 33.0,
          "location": {
            "x": 869.1920166015625,
            "y": -1569.0699462890625,
            "z": 37.995601654052734
          },
          "rotation": {
            "pitch": 0,
            "yaw": 5406,
            "roll": 0
          },
          "velocity": {
            "x": 0.0,
            "y": 0.0,
            "z": 0.0
          },
          "role": "passer"
        }
      ]
    },
    {
      "ball": {
        "location": {
          "x": 3014.6201171875,
          "y": 8.839900016784668,
          "z": 100.48300170898438
        },
        "torque": {
          "x": 0.0,
          "y": 0.0,
          "z": 0.0
        },
        "velocity": {
          "x": -292.0669860839844,
          "y": -1771.8900146484375,
          "z": -122.29499816894531
        },
        "rotation": {
          "pitch": 0,
          "yaw": 0,
          "roll": 0
        },