{"version":4,"offense":1,"defense":0,"description":"2 freestyle","creator":"Olsensson","code":"D24B-9BF8-2D52-9537","creatorID":"XBOX:2535457678679288","uploader":"Olsensson","uploaderID":"EPIC:56b37bdfd7a74499b99384b40290f783","numDrills":2,"drills":[{"ball":{"location":{"x":-1699.760009765625,"y":-922.6599731445312,"z":100.47999572753906},"torque":{"x":0,"y":0,"z":0},"velocity":{"x":0,"y":0,"z":0},"rotation":{"pitch":0,"yaw":0,"roll":0},"angular":{"x":0,"y":0,"z":0}},"players":[{"boost":1,"location":{"x":-1434.8699951171875,"y":-997.8499755859375,"z":17.049999237060547},"rotation":{"pitch":-175,"yaw":29884,"roll":0},"velocity":{"x":0,"y":0,"z":0.2709999680519104},"role":"shooter"}]},{"ball":{"location":{"x":-1699.760009765625,"y":-922.6599731445312,"z":100.4800033569336},"torque":{"x":0,"y":0,"z":0},"velocity":{"x":0,"y":0,"z":0},"rotation":{"pitch":0,"yaw":0,"roll":0},"angular":{"x":0,"y":0,"z":0}},"players":[{"boost":100,"location":{"x":1916.21337890625,"y":-964.6503295898438,"z":37.99560546875},"rotation":{"pitch":0,"yaw":3366,"roll":0},"velocity":{"x":0,"y":0,"z":0},"role":"shooter"}]}],"uploadID":1640}