{"version":4,"offense":1,"defense":0,"description":"Double Tap Training Pack","creator":"Tz WxlFy","code":"","creatorID":"","uploader":"Tz WxlFy","uploaderID":"EPIC:71156788a02f4557a1d050d9cb5ad0b7","numDrills":2,"drills":[{"ball":{"location":{"x":-938.4732055664062,"y":-73.27593231201172,"z":221.80728149414062},"torque":{"x":0,"y":0,"z":0},"velocity":{"x":-1755.8671875,"y":-302.7301025390625,"z":27.315265655517578},"rotation":{"pitch":233,"yaw":-28096,"roll":-2870},"angular":{"x":0.2923099994659424,"y":0.5258100032806396,"z":-5.696109771728516}},"players":[{"boost":0.4345376491546631,"location":{"x":5.443795204162598,"y":1194.171142578125,"z":17.010000228881836},"rotation":{"pitch":-99,"yaw":-20014,"roll":3},"velocity":{"x":-291.4375915527344,"y":-1216.6396484375,"z":0.26099997758865356},"role":"shooter"}]},{"ball":{"location":{"x":2439.69677734375,"y":-3719.261474609375,"z":205.3453826904297},"torque":{"x":0,"y":0,"z":0},"velocity":{"x":1388.30810546875,"y":995.4150390625,"z":-223.37823486328125},"rotation":{"pitch":4306,"yaw":10311,"roll":-16599},"angular":{"x":-0.49081000685691833,"y":2.4061100482940674,"z":5.359910011291504}},"players":[{"boost":0.8152781128883362,"location":{"x":1760.2569580078125,"y":-1055.6019287109375,"z":17.010000228881836},"rotation":{"pitch":-100,"yaw":-3301,"roll":-1},"velocity":{"x":1468.288330078125,"y":-483.8567199707031,"z":0.210999995470047},"role":"shooter"}]}],"uploadID":1623}