{"version":4,"offense":2,"defense":0,"description":"2 freestyle 2","creator":"Olsensson","code":"7747-95DF-86A6-A64F","creatorID":"XBOX:2535457678679288","uploader":"Olsensson","uploaderID":"EPIC:56b37bdfd7a74499b99384b40290f783","numDrills":1,"drills":[{"ball":{"location":{"x":-10.979999542236328,"y":1894.3800048828125,"z":100.4800033569336},"torque":{"x":0,"y":0,"z":0},"velocity":{"x":-124.04891967773438,"y":-1487.326171875,"z":-150.3623809814453},"rotation":{"pitch":0,"yaw":0,"roll":0},"angular":{"x":0,"y":0,"z":0}},"players":[{"boost":1,"location":{"x":-346.55999755859375,"y":-2431.099853515625,"z":17.049999237060547},"rotation":{"pitch":-174,"yaw":15544,"roll":0},"velocity":{"x":0,"y":0,"z":0.2709999680519104},"role":"shooter"},{"boost":100,"location":{"x":2477.40478515625,"y":4194.5712890625,"z":37.99560546875},"rotation":{"pitch":0,"yaw":21789,"roll":0},"velocity":{"x":0,"y":0,"z":0},"role":"passer"}]}],"uploadID":1642}