{"version":4,"offense":0,"defense":0,"description":"","creator":"eytan","code":"","creatorID":"","uploader":"eytan","uploaderID":"EPIC:","numDrills":1,"drills":[{"ball":{"location":{"x":-3045.5400390625,"y":-1719.745361328125,"z":1659.2935791015625},"torque":{"x":0,"y":0,"z":0},"velocity":{"x":1629.9383544921875,"y":-1190.9041748046875,"z":-416.8070373535156},"rotation":{"pitch":-1329,"yaw":-30624,"roll":19765},"angular":{"x":2.9872100353240967,"y":2.0328099727630615,"z":4.073110103607178}},"players":[{"boost":0.6882132887840271,"location":{"x":-925.1243896484375,"y":-1340.3995361328125,"z":31.371768951416016},"rotation":{"pitch":-21,"yaw":-17516,"roll":1},"velocity":{"x":59.6609992980957,"y":-1111.02099609375,"z":308.9290466308594},"role":"shooter"}]}],"uploadID":1650}