{"version":4,"offense":0,"defense":0,"description":"Wall Clears","creator":"esca","code":"","creatorID":"Steam:76561198141816115","uploader":"esca","uploaderID":"EPIC:","numDrills":1,"drills":[{"ball":{"location":{"x":3190.689453125,"y":-1424.4984130859375,"z":1405.428955078125},"torque":{"x":0,"y":0,"z":0},"velocity":{"x":533.2266235351562,"y":-2085.55029296875,"z":-71.95677185058594},"rotation":{"pitch":7646,"yaw":-5215,"roll":-3819},"angular":{"x":-1.6923099756240845,"y":-5.625109672546387,"z":-1.2221100330352783}},"players":[{"boost":0.5215686559677124,"location":{"x":2430.050048828125,"y":-3062.4541015625,"z":16.069564819335938},"rotation":{"pitch":-287,"yaw":-14884,"roll":121},"velocity":{"x":396.0572204589844,"y":-2143.00927734375,"z":3.8760385513305664},"role":"shooter"}]}],"uploadID":1651}