{
  "version": 4,
  "offense": 1,
  "defense": 0,
  "description": "save",
  "creator": "rizzo",
  "code": "C833-6A35-A46A-7191",
  "creatorID": "Steam:76561198141816115",
  "uploader": "Rizzo",
  "uploaderID": "EPIC:",
  "numDrills": 16,
  "notes": "save",
  "youtube": "?",
  "tags": [
    "Champion"
  ],
  "drills": [
    {
      "ball": {
        "location": {
          "x": -501.94000244140625,
          "y": -2687.31982421875,
          "z": 100.0
        },
        "torque": {
          "x": 0.0,
          "y": 0.0,
          "z": 0.0
        },
        "velocity": {
          "x": -171.82269287109375,
          "y": 469.40704345703125,
          "z": 6.825796127319336
        },
        "rotation": {
          "pitch": 0,
          "yaw": 0,
          "roll": 0
        },
        "angular": {
          "x": 0.0,
          "y": 0.0,
          "z": 0.0
        }
      },
      "players": [
        {
          "boost": 1.0,
          "location": {
            "x": -370.79998779296875,
            "y": -3045.85986328125,
            "z": 17.010000228881836
          },
          "rotation": {
            "pitch": -99,
            "yaw": 22508,
            "roll": 0
          },
          "velocity": {
            "x": 0.0,
            "y": 0.0,
            "z": 0.210999995470047
          },
          "role": "shooter"
        }
      ]
    },
    {
      "ball": {
        "location": {
          "x": -1089.5892333984375,
          "y": -1087.2813720703125,
          "z": 100.0
        },
        "torque": {
          "x": 0.0,
          "y": 0.0,
          "z": 0.0
        },
        "velocity": {
          "x": 1669.56494140625,
          "y": 1354.1839599609375,
          "z": -20.924142837524414
        },
        "rotation": {
          "pitch": 0,
          "yaw": 0,
          "roll": 0
        },
        "angular": {
          "x": 0.0,
          "y": 0.0,
          "z": 0.0
        }
      },
      "players": [
        {
          "boost": 100.0,
          "location": {
            "x": 2261.87158203125,
            "y": -1271.0850830078125,
            "z": 37.99560546875
          },
          "rotation": {
            "pitch": 0,
            "yaw": 17262,
            "roll": 0
          },
          "velocity": {
            "x": 0.0,
            "y": 0.0,
            "z": 0.0
          },
          "role": "shooter"
        }
      ]
    },
    {
      "ball": {
        "location": {
          "x": 62.08250045776367,
          "y": 12.538299560546875,
          "z": 496.5299072265625
        },
        "torque": {
          "x": 0.0,
          "y": 0.0,
          "z": 0.0
        },
        "velocity": {
          "x": -62.442955017089844,
          "y": -1595.7459716796875,
          "z": 93.47293853759766
        },
        "rotation": {
          "pitch": 0,
          "yaw": 0,
          "roll": 0
        },
        "angular": {
          "x": 0.0,
          "y": 0.0,
          "z": 0.0
        }
      },
      "players": [
        {
          "boost": 100.0,
          "location": {
            "x": -250.86289978027344,
            "y": -3764.5595703125,
            "z": 37.99560546875
          },
          "rotation": {
            "pitch": 0,
            "yaw": 15589,
            "roll": 0
          },
          "velocity": {
            "x": 0.0,
            "y": 0.0,
            "z": 0.0
          },
          "role": "shooter"
        }
      ]
    },
    {
      "ball": {
        "location": {
          "x": 67.5593032836914,
          "y": -3085.698974609375,
          "z": 100.0
        },
        "torque": {
          "x": 0.0,
          "y": 0.0,
          "z": 0.0
        },
        "velocity": {
          "x": 635.3822021484375,
          "y": 2352.058349609375,
          "z": 1272.5687255859375
        },
        "rotation": {
          "pitch": 0,
          "yaw": 0,
          "roll": 0
        },
        "angular": {
          "x": 0.0,
          "y": 0.0,
          "z": 0.0
        }
      },
      "players": [
        {
          "boost": 100.0,
          "location": {
            "x": 2966.15234375,
            "y": 4030.158935546875,
            "z": 37.995601654052734
          },
          "rotation": {
            "pitch": 0,
            "yaw": -17011,
            "roll": 0
          },
          "velocity": {
            "x": 0.0,
            "y": 0.0,
            "z": 0.0
          },
          "role": "shooter"
        }
      ]
    },
    {
      "ball": {
        "location": {
          "x": 2858.673095703125,
          "y": -2344.74853515625,
          "z": 100.48280334472656
        },
        "torque": {
          "x": 0.0,
          "y": 0.0,
          "z": 0.0
        },
        "velocity": {
          "x": -146.97915649414063,
          "y": 1746.0078125,
          "z": 1155.61083984375
        },
        "rotation": {
          "pitch": 0,
          "yaw": 0,
          "roll": 0
        },
        "angular": {
          "x": 0.0,
          "y": 0.0,
          "z": 0.0
        }
      },
      "players": [
        {
          "boost": 100.0,
          "location": {
            "x": 3424.63623046875,
            "y": -216.01730346679688,
            "z": 37.99560546875
          },
          "rotation": {
            "pitch": 0,
            "yaw": 18814,
            "roll": 0
          },
          "velocity": {
            "x": 0.0,
            "y": 0.0,
            "z": 0.0
          },
          "role": "shooter"
        }
      ]
    },
    {
      "ball": {
        "location": {
          "x": 1118.7755126953125,
          "y": -4881.30810546875,
          "z": 1349.721923828125
        },
        "torque": {
          "x": 0.0,
          "y": 0.0,
          "z": 0.0
        },
        "velocity": {
          "x": 1007.2779541015625,
          "y": 2979.878173828125,
          "z": -164.7156219482422
        },
        "rotation": {
          "pitch": 0,
          "yaw": 0,
          "roll": 0
        },
        "angular": {
          "x": 0.0,
          "y": 0.0,
          "z": 0.0
        }
      },
      "players": [
        {
          "boost": 100.0,
          "location": {
            "x": 3607.5693359375,
            "y": -1414.3446044921875,
            "z": 37.995601654052734
          },
          "rotation": {
            "pitch": 0,
            "yaw": 20949,
            "roll": 0
          },
          "velocity": {
            "x": 0.0,
            "y": 0.0,
            "z": 0.0
          },
          "role": "shooter"
        }
      ]
    },
    {
      "ball": {
        "location": {
          "x": -1676.8236083984375,
          "y": -3858.941650390625,
          "z": 100.48280334472656
        },
        "torque": {
          "x": 0.0,
          "y": 0.0,
          "z": 0.0
        },
        "velocity": {
          "x": -2687.153076171875,
          "y": 566.7149047851563,
          "z": 136.05165100097656
        },
        "rotation": {
          "pitch": 0,
          "yaw": 0,
          "roll": 0
        },
        "angular": {
          "x": 0.0,
          "y": 0.0,
          "z": 0.0
        }
      },
      "players": [
        {
          "boost": 100.0,
          "location": {
            "x": -1246.3070068359375,
            "y": -4215.24755859375,
            "z": 37.99560546875
          },
          "rotation": {
            "pitch": 0,
            "yaw": -38184,
            "roll": 0
          },
          "velocity": {
            "x": 0.0,
            "y": 0.0,
            "z": 0.0
          },
          "role": "shooter"
        }
      ]
    },
    {
      "ball": {
        "location": {
          "x": -2719.17333984375,
          "y": 3252.1943359375,
          "z": 100.0
        },
        "torque": {
          "x": 0.0,
          "y": 0.0,
          "z": 0.0
        },
        "velocity": {
          "x": -354.2451477050781,
          "y": -2356.98193359375,
          "z": -281.33837890625
        },
        "rotation": {
          "pitch": 0,