{
  "version": 4,
  "offense": 1,
  "defense": 0,
  "description": "Beginner Dribble Training",
  "creator": "Wayton",
  "code": "6F35-CE3B-ABCB-FE13",
  "creatorID": "Steam:76561198242003922",
  "uploader": "PsyBaba_420",
  "uploaderID": "EPIC:60ac7b3857794d8587ab29a8146cd8bf",
  "numDrills": 16,
  "drills": [
    {
      "ball": {
        "location": {
          "x": 0.0,
          "y": -3935.059814453125,
          "z": 136.62998962402344
        },
        "torque": {
          "x": 0.0,
          "y": 0.0,
          "z": 0.0
        },
        "velocity": {
          "x": 0.0,
          "y": 0.0,
          "z": 0.0
        },
        "rotation": {
          "pitch": 0,
          "yaw": 0,
          "roll": 0
        },
        "angular": {
          "x": 0.0,
          "y": 0.0,
          "z": 0.0
        }
      },
      "players": [
        {
          "boost": 1.0,
          "location": {
            "x": 0.0,
            "y": -4113.02001953125,
            "z": 17.010000228881836
          },
          "rotation": {
            "pitch": -99,
            "yaw": 16384,
            "roll": 0
          },
          "velocity": {
            "x": 0.0,
            "y": 0.0,
            "z": 0.210999995470047
          },
          "role": "shooter"
        }
      ]
    },
    {
      "ball": {
        "location": {
          "x": 0.5099999904632568,
          "y": -3935.22998046875,
          "z": 138.0800018310547
        },
        "torque": {
          "x": 0.0,
          "y": 0.0,
          "z": 0.0
        },
        "velocity": {
          "x": 0.0,
          "y": 0.0,
          "z": 0.0
        },
        "rotation": {
          "pitch": 0,
          "yaw": 0,
          "roll": 0
        },
        "angular": {
          "x": 0.0,
          "y": 0.0,
          "z": 0.0
        }
      },
      "players": [
        {
          "boost": 100.0,
          "location": {
            "x": 0.00039999998989515007,
            "y": -4113.021484375,
            "z": 37.99560546875
          },
          "rotation": {
            "pitch": 0,
            "yaw": 16384,
            "roll": 0
          },
          "velocity": {
            "x": 0.0,
            "y": 0.0,
            "z": 0.0
          },
          "role": "shooter"
        }
      ]
    },
    {
      "ball": {
        "location": {
          "x": -2246.050048828125,
          "y": -3665.35986328125,
          "z": 100.0
        },
        "torque": {
          "x": 0.0,
          "y": 0.0,
          "z": 0.0
        },
        "velocity": {
          "x": 0.0,
          "y": -0.03099999949336052,
          "z": -57.38154602050781
        },
        "rotation": {
          "pitch": 0,
          "yaw": 0,
          "roll": 0
        },
        "angular": {
          "x": 0.0,
          "y": 0.0,
          "z": 0.0
        }
      },
      "players": [
        {
          "boost": 100.0,
          "location": {
            "x": -2574.63623046875,
            "y": -4615.9189453125,
            "z": 37.995601654052734
          },
          "rotation": {
            "pitch": 0,
            "yaw": 13610,
            "roll": 0
          },
          "velocity": {
            "x": 0.0,
            "y": 0.0,
            "z": 0.0
          },
          "role": "shooter"
        }
      ]
    },
    {
      "ball": {
        "location": {
          "x": 1509.93994140625,
          "y": -2000.909912109375,
          "z": 224.17999267578125
        },
        "torque": {
          "x": 0.0,
          "y": 0.0,
          "z": 0.0
        },
        "velocity": {
          "x": 202.19886779785156,
          "y": -773.2171630859375,
          "z": 20.47831153869629
        },
        "rotation": {
          "pitch": 0,
          "yaw": 0,
          "roll": 0
        },
        "angular": {
          "x": 0.0,
          "y": 0.0,
          "z": 0.0
        }
      },
      "players": [
        {
          "boost": 100.0,
          "location": {
            "x": 2112.6748046875,
            "y": -3945.610107421875,
            "z": 37.99560546875
          },
          "rotation": {
            "pitch": 0,
            "yaw": 20882,
            "roll": 0
          },
          "velocity": {
            "x": 0.0,
            "y": 0.0,
            "z": 0.0
          },
          "role": "shooter"
        }
      ]
    },
    {
      "ball": {
        "location": {
          "x": -758.4099731445313,
          "y": -914.6300048828125,
          "z": 325.6600036621094
        },
        "torque": {
          "x": 0.0,
          "y": 0.0,
          "z": 0.0
        },
        "velocity": {
          "x": 1148.240234375,
          "y": -776.8271484375,
          "z": -198.9385528564453
        },
        "rotation": {
          "pitch": 0,
          "yaw": 0,
          "roll": 0
        },
        "angular": {
          "x": 0.0,
          "y": 0.0,
          "z": 0.0
        }
      },
      "players": [
        {
          "boost": 100.0,
          "location": {
            "x": 1616.9674072265625,
            "y": -3006.883056640625,
            "z": 37.99560546875
          },
          "rotation": {
            "pitch": 0,
            "yaw": 23991,
            "roll": 0
          },
          "velocity": {
            "x": 0.0,
            "y": 0.0,
            "z": 0.0
          },
          "role": "shooter"
        }
      ]
    },
    {
      "ball": {
        "location": {
          "x": 1770.3699951171875,
          "y": -940.9000244140625,
          "z": 357.07000732421875
        },
        "torque": {
          "x": 0.0,
          "y": 0.0,
          "z": 0.0
        },
        "velocity": {
          "x": -1385.6873779296875,
          "y": -566.5053100585938,
          "z": -93.05043029785156
        },
        "rotation": {
          "pitch": 0,
          "yaw": 0,
          "roll": 0
        },
        "angular": {
          "x": 0.0,
          "y": 0.0,
          "z": 0.0
        }
      },
      "players": [
        {
          "boost": 100.0,
          "location": {
            "x": -2850.15185546875,
            "y": -2129.229248046875,
            "z": 37.99560546875
          },
          "rotation": {
            "pitch": 0,
            "yaw": -701,
            "roll": 0
          },
          "velocity": {
            "x": 0.0,
            "y": 0.0,
            "z": 0.0
          },
          "role": "shooter"
        }
      ]
    },
    {
      "ball": {
        "location": {
          "x": -3476.56982421875,
          "y": -3088.47998046875,
          "z": 193.3699951171875
        },
        "torque": {
          "x": 0.0,
          "y": 0.0,
          "z": 0.0
        },
        "velocity": {
          "x": 1340.294677734375,
          "y": 669.4978637695313,
          "z": -68.93548583984375
        },
        "rotation": {
          "pitch": 0,
          "yaw": 0,
          "roll": 0
        },
        "angular": {
          "x": 0.0,
          "y": 0.0,
          "z": 0.0
        }
      },
      "players": [
        {
          "boost": 100.0,
          "location": {
            "x": -2965.207275390625,
            "y": -3755.398193359375,
            "z": 37.99560546875
          },
          "rotation": {
            "pitch": 0,
            "yaw": 11053,
            "roll": 0
          },
          "velocity": {
            "x": 0.0,
            "y": 0.0,
            "z": 0.0
          },
          "role": "shooter"
        }
      ]
    },
    {
      "ball": {
        "location": {
          "x": -1057.0599365234375,
          "y": -4830.83984375,
          "z": 100.0
        },
        "torque": {
          "x": 0.0,
          "y": 0.0,
          "z": 0.0
        },
        "velocity": {
          "x": -64.45357513427734,
          "y": 1696.9713134765625,
          "z": -71.27584075927734
        },
        "rotation": {
          "pitch": 0,
          "yaw": 0,
          "roll": 0
        },
        "angular": {
          "x": 0.0,
          "y": 0.0,