{"version":4,"offense":2,"defense":0,"description":"Backboard Team Pinch","creator":"Heedles","code":"","creatorID":"","uploader":"Heedles","uploaderID":"EPIC:","numDrills":1,"tags":["Clears","Long Shots","Passing","Pinch Shots"],"drills":[{"ball":{"location":{"x":0,"y":4120,"z":100.4800033569336},"torque":{"x":0,"y":0,"z":0},"velocity":{"x":0,"y":-1060.67138671875,"z":1052.041015625},"rotation":{"pitch":0,"yaw":0,"roll":0},"angular":{"x":0,"y":0,"z":0}},"players":[{"boost":1,"location":{"x":-661.84423828125,"y":-5078.7197265625,"z":802.1563720703125},"rotation":{"pitch":-1208,"yaw":-140,"roll":-16412},"velocity":{"x":2050.107177734375,"y":-0.03851059079170227,"z":-1042.614990234375},"role":"shooter"},{"boost":100,"location":{"x":-3402.312744140625,"y":476.658203125,"z":37.99560546875},"rotation":{"pitch":0,"yaw":15456,"roll":0},"velocity":{"x":0,"y":0,"z":0},"role":"passer"}]}],"uploadID":1687}