{"version":4,"offense":2,"defense":0,"description":"pro Archi and Flame","creator":"","code":"B812-9877-0191-91FE","creatorID":"Unknown:","uploader":"LuckyStlikeR","uploaderID":"EPIC:","numDrills":1,"drills":[{"ball":{"location":{"x":-3306.699951171875,"y":4270.080078125,"z":892.8499755859375},"torque":{"x":0,"y":0,"z":0},"velocity":{"x":2217.2685546875,"y":1030.0130615234375,"z":1361.0396728515625},"rotation":{"pitch":0,"yaw":0,"roll":0},"angular":{"x":0,"y":0,"z":0}},"players":[{"boost":1,"location":{"x":1322.024169921875,"y":-1961.5301513671875,"z":227.54714965820312},"rotation":{"pitch":-121,"yaw":-19116,"roll":31419},"velocity":{"x":-536.994140625,"y":-2010.44580078125,"z":-979.6498413085938},"role":"shooter"},{"boost":100,"location":{"x":567.0037231445312,"y":2455.648681640625,"z":37.99560546875},"rotation":{"pitch":0,"yaw":13747,"roll":0},"velocity":{"x":0,"y":0,"z":0},"role":"passer"}]}],"uploadID":1693}