{"version":4,"offense":2,"defense":0,"description":"bakkes training","creator":"","code":"9D53-5457-A44B-A27E","creatorID":"Unknown:","uploader":"JAY","uploaderID":"EPIC:","numDrills":1,"drills":[{"ball":{"location":{"x":-104.17659759521484,"y":-74.08910369873047,"z":100.4800033569336},"torque":{"x":0,"y":0,"z":0},"velocity":{"x":36.4307861328125,"y":-1396.873291015625,"z":968.05908203125},"rotation":{"pitch":0,"yaw":0,"roll":0},"angular":{"x":0,"y":0,"z":0}},"players":[{"boost":1,"location":{"x":3471.89990234375,"y":73.70999908447266,"z":17.010000228881836},"rotation":{"pitch":-100,"yaw":23896,"roll":0},"velocity":{"x":0,"y":0,"z":0.210999995470047},"role":"shooter"},{"boost":100,"location":{"x":18.259300231933594,"y":-5336.24267578125,"z":35.9995002746582},"rotation":{"pitch":0,"yaw":16671,"roll":0},"velocity":{"x":0,"y":0,"z":0},"role":"passer"}]}],"uploadID":1696}