{"version":4,"offense":3,"defense":0,"description":"Team Training - Mizzou Redirs","creator":"","code":"44CC-4B22-BEDB-F740","creatorID":"Unknown:","uploader":"Ohwy","uploaderID":"EPIC:","numDrills":1,"drills":[{"ball":{"location":{"x":-3032.60986328125,"y":313.29998779296875,"z":100},"torque":{"x":0,"y":0,"z":0},"velocity":{"x":-2402.35009765625,"y":-677.7244873046875,"z":129.01805114746094},"rotation":{"pitch":0,"yaw":0,"roll":0},"angular":{"x":0,"y":0,"z":0}},"players":[{"boost":1,"location":{"x":2671.1298828125,"y":609.489990234375,"z":17.010000228881836},"rotation":{"pitch":-100,"yaw":22864,"roll":0},"velocity":{"x":0,"y":0,"z":0.210999995470047},"role":"shooter"},{"boost":100,"location":{"x":-3596.208740234375,"y":-2845.134765625,"z":37.99560546875},"rotation":{"pitch":0,"yaw":19711,"roll":0},"velocity":{"x":0,"y":0,"z":0},"role":"passer"},{"boost":100,"location":{"x":-3355.54052734375,"y":4296.2802734375,"z":41.27008056640625},"rotation":{"pitch":0,"yaw":8395,"roll":0},"velocity":{"x":0,"y":0,"z":0},"role":"passer"}]}],"uploadID":1695}