{"version":4,"offense":2,"defense":0,"description":"Post Pinch2233","creator":"","code":"CA2F-3181-F4D9-8CD1","creatorID":"Unknown:","uploader":"sm>:okez","uploaderID":"EPIC:","numDrills":1,"drills":[{"ball":{"location":{"x":-1851.8699951171875,"y":-4724.58984375,"z":100},"torque":{"x":0,"y":0,"z":0},"velocity":{"x":4192.15185546875,"y":-677.8003540039062,"z":66.53487396240234},"rotation":{"pitch":0,"yaw":0,"roll":0},"angular":{"x":0,"y":0,"z":0}},"players":[{"boost":1,"location":{"x":-724.5299682617188,"y":-5665.72998046875,"z":29.349998474121094},"rotation":{"pitch":-304,"yaw":3321,"roll":391},"velocity":{"x":0.2409999966621399,"y":-0.22100000083446503,"z":0.210999995470047},"role":"shooter"},{"boost":100,"location":{"x":3084.491455078125,"y":3049.362060546875,"z":38},"rotation":{"pitch":0,"yaw":94977,"roll":0},"velocity":{"x":0,"y":0,"z":0},"role":"passer"}]}],"uploadID":1701}