{"version":4,"offense":2,"defense":0,"description":"kickoff pinch","creator":"jKp .","code":"D87A-9A7A-DBD9-78AF","creatorID":"Steam:76561198186774001","uploader":"jKp .","uploaderID":"EPIC:4bc594240b854bc78aca55dd91203017","numDrills":1,"drills":[{"ball":{"location":{"x":0,"y":3064,"z":100.48719787597656},"torque":{"x":0,"y":0,"z":0},"velocity":{"x":0,"y":0,"z":0},"rotation":{"pitch":0,"yaw":0,"roll":0},"angular":{"x":0,"y":0,"z":0}},"players":[{"boost":1,"location":{"x":-0.44999998807907104,"y":-1975.8599853515625,"z":17.059999465942383},"rotation":{"pitch":-176,"yaw":16440,"roll":0},"velocity":{"x":0,"y":1.179929256439209,"z":0.17100000381469727},"role":"shooter"},{"boost":100,"location":{"x":20000,"y":0,"z":20030.896484375},"rotation":{"pitch":0,"yaw":16384,"roll":0},"velocity":{"x":0,"y":0,"z":0},"role":"passer"}]}],"uploadID":1720}