{"version":4,"offense":0,"defense":0,"description":"mes","creator":"Nelleid","code":"","creatorID":"","uploader":"Nellei","uploaderID":"EPIC:2d48acaa3a46499abd65e7b6ad6ee960","numDrills":1,"notes":"meds","drills":[{"ball":{"location":{"x":2800.33837890625,"y":855.357421875,"z":194.87863159179688},"torque":{"x":0,"y":0,"z":0},"velocity":{"x":982.412109375,"y":46.958290100097656,"z":455.29058837890625},"rotation":{"pitch":2296,"yaw":-32279,"roll":6741},"angular":{"x":-0.25541001558303833,"y":5.323209762573242,"z":-2.7564098834991455}},"players":[{"boost":0.6235294342041016,"location":{"x":-16.5841007232666,"y":377.0465087890625,"z":102.0831298828125},"rotation":{"pitch":12282,"yaw":-31651,"roll":20414},"velocity":{"x":-67.36100006103516,"y":2241.950927734375,"z":-62.15879440307617},"role":"shooter"}]}],"uploadID":1723}