{"version":4,"offense":0,"defense":0,"description":"me","creator":"Nellei","code":"","creatorID":"","uploader":"Nellei","uploaderID":"EPIC:2d48acaa3a46499abd65e7b6ad6ee960","numDrills":1,"notes":"me","drills":[{"ball":{"location":{"x":1801.6654052734375,"y":1038.714599609375,"z":94.28974151611328},"torque":{"x":0,"y":0,"z":0},"velocity":{"x":1688.9254150390625,"y":1168.76025390625,"z":11.83604907989502},"rotation":{"pitch":1651,"yaw":592,"roll":-3403},"angular":{"x":-3.9272098541259766,"y":3.8642098903656006,"z":-2.3757100105285645}},"players":[{"boost":0.842517077922821,"location":{"x":3606.831298828125,"y":2780.301513671875,"z":17.04831314086914},"rotation":{"pitch":-86,"yaw":-23068,"roll":-9},"velocity":{"x":-1013.197265625,"y":-1447.6790771484375,"z":0.48920151591300964},"role":"shooter"}]}],"uploadID":1722}