{"version":4,"offense":2,"defense":2,"description":"Aerial shot","creator":"Aeman","code":"","creatorID":"","uploader":"Outschool RL","uploaderID":"EPIC:d9cd1b90fcd0478aa38533dd7484f70f","numDrills":1,"notes":"hi","drills":[{"ball":{"location":{"x":0,"y":0,"z":92.73999786376953},"torque":{"x":0,"y":0,"z":0},"velocity":{"x":0,"y":0,"z":0},"rotation":{"pitch":0,"yaw":0,"roll":0},"angular":{"x":0,"y":0,"z":0}},"players":[{"boost":0.3333333432674408,"location":{"x":-2048,"y":-2560,"z":17.09000015258789},"rotation":{"pitch":-175,"yaw":8192,"roll":0},"velocity":{"x":0,"y":0,"z":-0.3709999918937683},"role":"shooter"},{"boost":0.3333333432674408,"location":{"x":2048,"y":2560,"z":17.049999237060547},"rotation":{"pitch":-100,"yaw":-24576,"roll":0},"velocity":{"x":0,"y":0,"z":-0.4509999752044678},"role":"defender"},{"boost":0.3333333432674408,"location":{"x":256,"y":3840,"z":17.049999237060547},"rotation":{"pitch":-100,"yaw":-16384,"roll":0},"velocity":{"x":0,"y":0,"z":-0.4509999752044678},"role":"defender"}]}],"uploadID":1721}