{"version":4,"offense":1,"defense":1,"description":"Left Pass","creator":"Private Matcher","code":"56C9-9C2F-26C6-7B68","creatorID":"Unknown:","uploader":"Private Matcher","uploaderID":"EPIC:3f8024376b6f462d87640cb970f6ecbd","numDrills":2,"drills":[{"ball":{"location":{"x":622.22998046875,"y":-1871.949951171875,"z":100},"torque":{"x":0,"y":0,"z":0},"velocity":{"x":746.453125,"y":285.6329650878906,"z":-35.19721984863281},"rotation":{"pitch":0,"yaw":0,"roll":0},"angular":{"x":0,"y":0,"z":0}},"players":[{"boost":1,"location":{"x":446.0199890136719,"y":-1946.3399658203125,"z":17.059999465942383},"rotation":{"pitch":-175,"yaw":3816,"roll":0},"velocity":{"x":0,"y":0,"z":0.20099999010562897},"role":"shooter"},{"boost":100,"location":{"x":-2824.326416015625,"y":-542.8695068359375,"z":38},"rotation":{"pitch":0,"yaw":28402,"roll":0},"velocity":{"x":0,"y":0,"z":0},"role":"defender"}]},{"ball":{"location":{"x":622.22998046875,"y":-1871.949951171875,"z":100},"torque":{"x":0,"y":0,"z":0},"velocity":{"x":1331.7117919921875,"y":687.6925659179688,"z":-52.312164306640625},"rotation":{"pitch":0,"yaw":0,"roll":0},"angular":{"x":0,"y":0,"z":0}},"players":[{"boost":100,"location":{"x":446.018310546875,"y":-1946.3448486328125,"z":38},"rotation":{"pitch":0,"yaw":3818,"roll":0},"velocity":{"x":0,"y":0,"z":0},"role":"shooter"},{"boost":100,"location":{"x":-2824.326416015625,"y":-542.8695068359375,"z":38},"rotation":{"pitch":0,"yaw":28402,"roll":0},"velocity":{"x":0,"y":0,"z":0},"role":"defender"}]}],"uploadID":1760}