{"version":4,"offense":2,"defense":0,"description":"2s Freestyle training","creator":"Private Matcher","code":"56C9-9C2F-26C6-7B68","creatorID":"Unknown:","uploader":"Private Matcher","uploaderID":"EPIC:3f8024376b6f462d87640cb970f6ecbd","numDrills":2,"notes":"2s Freestyle training","tags":["Freestyles"],"drills":[{"ball":{"location":{"x":-622.22998046875,"y":-1871.949951171875,"z":100},"torque":{"x":0,"y":0,"z":0},"velocity":{"x":-746.2996215820312,"y":285.8946533203125,"z":-36.43408203125},"rotation":{"pitch":0,"yaw":0,"roll":0},"angular":{"x":0,"y":0,"z":0}},"players":[{"boost":1,"location":{"x":2824.329833984375,"y":-542.8699951171875,"z":17.059999465942383},"rotation":{"pitch":-175,"yaw":4364,"roll":0},"velocity":{"x":0,"y":0,"z":0.20099999010562897},"role":"shooter"},{"boost":100,"location":{"x":-446.018310546875,"y":-1946.3448486328125,"z":38},"rotation":{"pitch":0,"yaw":28950,"roll":0},"velocity":{"x":0,"y":0,"z":0},"role":"passer"}]},{"ball":{"location":{"x":-622.22998046875,"y":-1871.949951171875,"z":100},"torque":{"x":0,"y":0,"z":0},"velocity":{"x":-746.2807006835938,"y":285.8866882324219,"z":-36.972434997558594},"rotation":{"pitch":0,"yaw":0,"roll":0},"angular":{"x":0,"y":0,"z":0}},"players":[{"boost":100,"location":{"x":2824.326416015625,"y":-542.8695068359375,"z":38},"rotation":{"pitch":0,"yaw":4366,"roll":0},"velocity":{"x":0,"y":0,"z":0},"role":"shooter"},{"boost":100,"location":{"x":-446.018310546875,"y":-1946.3448486328125,"z":38},"rotation":{"pitch":0,"yaw":28950,"roll":0},"velocity":{"x":0,"y":0,"z":0},"role":"passer"}]}],"uploadID":1749}