{"version":4,"offense":1,"defense":0,"description":"Offensive Opportunities","creator":"Hoaqyn","code":"55DE-A6F7-D96B-D8EB","creatorID":"Unknown:","uploader":"Hoaqyn","uploaderID":"EPIC:adebb99e3266435a8487933d8310fb6a","numDrills":3,"notes":"Air Dribbles, Ceiling Shots, Power Shots","drills":[{"ball":{"location":{"x":-461.05999755859375,"y":4348.919921875,"z":283.05999755859375},"torque":{"x":0,"y":0,"z":0},"velocity":{"x":-3171.052978515625,"y":279.19451904296875,"z":-324.5204772949219},"rotation":{"pitch":0,"yaw":0,"roll":0},"angular":{"x":0,"y":0,"z":0}},"players":[{"boost":1,"location":{"x":-3569.7998046875,"y":2113.419921875,"z":17.010000228881836},"rotation":{"pitch":-100,"yaw":12872,"roll":0},"velocity":{"x":0,"y":0,"z":0.210999995470047},"role":"shooter"}]},{"ball":{"location":{"x":-461.05999755859375,"y":4348.919921875,"z":283.05999755859375},"torque":{"x":0,"y":0,"z":0},"velocity":{"x":-3171.20166015625,"y":279.20733642578125,"z":-323.5428466796875},"rotation":{"pitch":0,"yaw":0,"roll":0},"angular":{"x":0,"y":0,"z":0}},"players":[{"boost":100,"location":{"x":-3569.80078125,"y":2113.420654296875,"z":37.995601654052734},"rotation":{"pitch":0,"yaw":12874,"roll":0},"velocity":{"x":0,"y":0,"z":0},"role":"shooter"}]},{"ball":{"location":{"x":-461.05999755859375,"y":4348.919921875,"z":283.05999755859375},"torque":{"x":0,"y":0,"z":0},"velocity":{"x":-3170.97705078125,"y":279.1879577636719,"z":-325.01995849609375},"rotation":{"pitch":0,"yaw":0,"roll":0},"angular":{"x":0,"y":0,"z":0}},"players":[{"boost":100,"location":{"x":-3569.80078125,"y":2113.420654296875,"z":37.995601654052734},"rotation":{"pitch":0,"yaw":12874,"roll":0},"velocity":{"x":0,"y":0,"z":0},"role":"shooter"}]}],"uploadID":1761}