{"version":4,"offense":1,"defense":1,"description":"New 2s Freestyle","creator":"Private Matcher","code":"2061-D111-3D28-C5B3","creatorID":"Unknown:","uploader":"Private Matcher","uploaderID":"EPIC:3f8024376b6f462d87640cb970f6ecbd","numDrills":2,"drills":[{"ball":{"location":{"x":1675.7899169921875,"y":-620.97998046875,"z":100},"torque":{"x":0,"y":0,"z":0},"velocity":{"x":1927.8035888671875,"y":291.2508239746094,"z":0.3365137577056885},"rotation":{"pitch":0,"yaw":0,"roll":0},"angular":{"x":0,"y":0,"z":0}},"players":[{"boost":1,"location":{"x":3303.0498046875,"y":-2277.929931640625,"z":17.059999465942383},"rotation":{"pitch":-175,"yaw":11388,"roll":0},"velocity":{"x":0,"y":0,"z":0.20099999010562897},"role":"shooter"},{"boost":100,"location":{"x":3027.445556640625,"y":4040.09326171875,"z":38},"rotation":{"pitch":0,"yaw":74412,"roll":0},"velocity":{"x":0,"y":0,"z":0},"role":"defender"}]},{"ball":{"location":{"x":1675.7899169921875,"y":-620.97998046875,"z":100},"torque":{"x":0,"y":0,"z":0},"velocity":{"x":1718.583740234375,"y":322.6949768066406,"z":46.0109748840332},"rotation":{"pitch":0,"yaw":0,"roll":0},"angular":{"x":0,"y":0,"z":0}},"players":[{"boost":100,"location":{"x":3303.048095703125,"y":-2277.925537109375,"z":38},"rotation":{"pitch":0,"yaw":11388,"roll":0},"velocity":{"x":0,"y":0,"z":0},"role":"shooter"},{"boost":100,"location":{"x":3027.445556640625,"y":4040.09326171875,"z":38},"rotation":{"pitch":0,"yaw":74412,"roll":0},"velocity":{"x":0,"y":0,"z":0},"role":"defender"}]}],"uploadID":1775}