{
  "version": 4,
  "offense": 1,
  "defense": 0,
  "description": "Team Training 1",
  "creator": "Mochi",
  "code": "BEFC-44E6-D58D-D381",
  "creatorID": "Steam:76561198151237016",
  "uploader": "blizzyy",
  "uploaderID": "EPIC:",
  "numDrills": 2,
  "drills": [
    {
      "ball": {
        "location": {
          "x": 2266.4482421875,
          "y": 4494.1943359375,
          "z": 95.3670425415039
        },
        "torque": {
          "x": 0.0,
          "y": 0.0,
          "z": 0.0
        },
        "velocity": {
          "x": 820.196044921875,
          "y": 622.7381591796875,
          "z": 32.75229263305664
        },
        "rotation": {
          "pitch": -6694,
          "yaw": -27819,
          "roll": -29082
        },
        "angular": {
          "x": -3.6269099712371826,
          "y": 4.779409885406494,
          "z": 0.05370999872684479
        }
      },
      "players": [
        {
          "boost": 1.0,
          "location": {
            "x": -987.3899536132813,
            "y": 3445.719970703125,
            "z": 17.049999237060547
          },
          "rotation": {
            "pitch": -176,
            "yaw": 6008,
            "roll": 0
          },
          "velocity": {
            "x": 0.0,
            "y": 0.0,
            "z": 0.26099997758865356
          },
          "role": "shooter"
        }
      ]
    },
    {
      "ball": {
        "location": {
          "x": 1884.679931640625,
          "y": -3383.5498046875,
          "z": 100.48999786376953
        },
        "torque": {
          "x": 0.0,
          "y": 0.0,
          "z": 0.0
        },
        "velocity": {
          "x": -1058.18994140625,
          "y": -1036.4998779296875,
          "z": -236.82333374023438
        },
        "rotation": {
          "pitch": 0,
          "yaw": 0,
          "roll": 0
        },
        "angular": {
          "x": 0.0,
          "y": 0.0,
          "z": 0.0
        }
      },
      "players": [
        {
          "boost": 100.0,
          "location": {
            "x": 3873.609130859375,
            "y": -4075.677734375,
            "z": 591.7280883789063
          },
          "rotation": {
            "pitch": 0,
            "yaw": 8775,
            "roll": 0
          },
          "velocity": {
            "x": 0.0,
            "y": 0.0,
            "z": 0.0
          },
          "role": "shooter"
        }
      ]
    }
  ]
}