{"version":4,"offense":2,"defense":0,"description":"Team Training 1.1","creator":"mochi","code":"BEFC-44E6-D58D-D381","creatorID":"Unknown:","uploader":"Mochi","uploaderID":"EPIC:","numDrills":1,"drills":[{"ball":{"location":{"x":1884.679931640625,"y":-3383.5498046875,"z":100.48999786376953},"torque":{"x":0,"y":0,"z":0},"velocity":{"x":-1057.8922119140625,"y":-1036.2022705078125,"z":-242.72377014160156},"rotation":{"pitch":0,"yaw":0,"roll":0},"angular":{"x":0,"y":0,"z":0}},"players":[{"boost":1,"location":{"x":-32.30999755859375,"y":-5068.3701171875,"z":17.010000228881836},"rotation":{"pitch":-100,"yaw":30696,"roll":0},"velocity":{"x":0,"y":0,"z":0.2709999680519104},"role":"shooter"},{"boost":100,"location":{"x":3873.609130859375,"y":-4075.677734375,"z":591.7280883789062},"rotation":{"pitch":0,"yaw":8775,"roll":0},"velocity":{"x":0,"y":0,"z":0},"role":"passer"}]}],"uploadID":1803}