{"version":4,"offense":2,"defense":0,"description":"TEST","creator":"","code":"1226-F54C-4CBD-816B","creatorID":"Unknown:","uploader":"Cloud","uploaderID":"EPIC:","numDrills":1,"drills":[{"ball":{"location":{"x":-2954.373046875,"y":4510.900390625,"z":353.6817932128906},"torque":{"x":0,"y":0,"z":0},"velocity":{"x":491.613037109375,"y":-2982.403564453125,"z":-368.5727233886719},"rotation":{"pitch":0,"yaw":0,"roll":0},"angular":{"x":0,"y":0,"z":0}},"players":[{"boost":1,"location":{"x":-2382.639892578125,"y":-4667.2998046875,"z":17.010000228881836},"rotation":{"pitch":-101,"yaw":14508,"roll":0},"velocity":{"x":0,"y":0,"z":0.2709999680519104},"role":"shooter"},{"boost":100,"location":{"x":3685.689453125,"y":-3096.9150390625,"z":38},"rotation":{"pitch":0,"yaw":25125,"roll":0},"velocity":{"x":0,"y":0,"z":0},"role":"passer"}]}],"uploadID":1805}