{"version":4,"offense":2,"defense":0,"description":"teussj","creator":"","code":"EDA5-2198-8376-64DA","creatorID":"Unknown:","uploader":"smokez [KBM]","uploaderID":"EPIC:","numDrills":1,"drills":[{"ball":{"location":{"x":2996.3798828125,"y":3891.849853515625,"z":1731.8800048828125},"torque":{"x":0,"y":0,"z":0},"velocity":{"x":-6.9401116371154785,"y":-464.03033447265625,"z":-524.4999389648438},"rotation":{"pitch":0,"yaw":0,"roll":0},"angular":{"x":0,"y":0,"z":0}},"players":[{"boost":1,"location":{"x":3050.929931640625,"y":4043.510009765625,"z":17.049999237060547},"rotation":{"pitch":-175,"yaw":-17424,"roll":0},"velocity":{"x":0,"y":0,"z":0.2709999680519104},"role":"shooter"},{"boost":100,"location":{"x":-2575.737060546875,"y":-2534.303466796875,"z":37.99560546875},"rotation":{"pitch":0,"yaw":2455,"roll":0},"velocity":{"x":0,"y":0,"z":0},"role":"passer"}]}],"uploadID":1806}