{"version":4,"offense":0,"defense":0,"description":"puck pinches","creator":"heedles","code":"","creatorID":"","uploader":"Heedles","uploaderID":"EPIC:","numDrills":1,"drills":[{"ball":{"location":{"x":-798.23388671875,"y":-2912.498779296875,"z":68.5691909790039},"torque":{"x":0,"y":0,"z":0},"velocity":{"x":-868.5824584960938,"y":-170.27969360351562,"z":-218.2664337158203},"rotation":{"pitch":-3578,"yaw":-7374,"roll":31957},"angular":{"x":-2.263101100921631,"y":-0.8840593695640564,"z":1.0633821487426758}},"players":[{"boost":0.529411792755127,"location":{"x":-36.84321975708008,"y":-2620.70751953125,"z":17.01007080078125},"rotation":{"pitch":-100,"yaw":29346,"roll":0},"velocity":{"x":-880.0822143554688,"y":383.3609619140625,"z":0.26099997758865356},"role":"shooter"}]}],"uploadID":1816}