{
  "version": 4,
  "offense": 1,
  "defense": 0,
  "description": "Aerial Shots - Pass",
  "creator": "Poquito",
  "code": "C7E0-9E0B-B739-A899",
  "creatorID": "Steam:76561198256664919",
  "uploader": "IFAC",
  "uploaderID": "EPIC:",
  "numDrills": 16,
  "drills": [
    {
      "ball": {
        "location": {
          "x": 3466.489990234375,
          "y": 3222.369873046875,
          "z": 130.34999084472656
        },
        "torque": {
          "x": 0.0,
          "y": 0.0,
          "z": 0.0
        },
        "velocity": {
          "x": -1024.272705078125,
          "y": 2977.33984375,
          "z": -13.075133323669434
        },
        "rotation": {
          "pitch": 0,
          "yaw": 0,
          "roll": 0
        },
        "angular": {
          "x": 0.0,
          "y": 0.0,
          "z": 0.0
        }
      },
      "players": [
        {
          "boost": 1.0,
          "location": {
            "x": -472.3499755859375,
            "y": 326.29998779296875,
            "z": 18.329999923706055
          },
          "rotation": {
            "pitch": -178,
            "yaw": 17220,
            "roll": 0
          },
          "velocity": {
            "x": 0.0,
            "y": 0.0,
            "z": 0.3109999895095825
          },
          "role": "shooter"
        }
      ]
    },
    {
      "ball": {
        "location": {
          "x": -3169.326171875,
          "y": 1030.9454345703125,
          "z": 123.48460388183594
        },
        "torque": {
          "x": 0.0,
          "y": 0.0,
          "z": 0.0
        },
        "velocity": {
          "x": 0.0,
          "y": 0.0,
          "z": 0.0
        },
        "rotation": {
          "pitch": 0,
          "yaw": 0,
          "roll": 0
        },
        "angular": {
          "x": 0.0,
          "y": 0.0,
          "z": 0.0
        }
      },
      "players": [
        {
          "boost": 100.0,
          "location": {
            "x": -2315.146484375,
            "y": -2284.308349609375,
            "z": 37.99560546875
          },
          "rotation": {
            "pitch": 0,
            "yaw": 13347,
            "roll": 0
          },
          "velocity": {
            "x": 0.0,
            "y": 0.0,
            "z": 0.0
          },
          "role": "shooter"
        }
      ]
    },
    {
      "ball": {
        "location": {
          "x": 1517.58984375,
          "y": 2015.1097412109375,
          "z": 522.3677978515625
        },
        "torque": {
          "x": 0.0,
          "y": 0.0,
          "z": 0.0
        },
        "velocity": {
          "x": 0.0,
          "y": 0.0,
          "z": -54.043121337890625
        },
        "rotation": {
          "pitch": 3824,
          "yaw": -1352,
          "roll": 3058
        },
        "angular": {
          "x": -3.759809970855713,
          "y": -4.139909744262695,
          "z": -2.173409938812256
        }
      },
      "players": [
        {
          "boost": 100.0,
          "location": {
            "x": 3744.08544921875,
            "y": -2811.194091796875,
            "z": 37.99560546875
          },
          "rotation": {
            "pitch": 0,
            "yaw": 16724,
            "roll": 0
          },
          "velocity": {
            "x": 0.0,
            "y": 0.0,
            "z": 0.0
          },
          "role": "shooter"
        }
      ]
    },
    {
      "ball": {
        "location": {
          "x": -1316.0223388671875,
          "y": 950.2634887695313,
          "z": 924.2066040039063
        },
        "torque": {
          "x": 0.0,
          "y": 0.0,
          "z": 0.0
        },
        "velocity": {
          "x": 0.0,
          "y": 0.0,
          "z": 0.0
        },
        "rotation": {
          "pitch": 0,
          "yaw": 0,
          "roll": 0
        },
        "angular": {
          "x": 0.0,
          "y": 0.0,
          "z": 0.0
        }
      },
      "players": [
        {
          "boost": 100.0,
          "location": {
            "x": 1957.7125244140625,
            "y": -143.99609375,
            "z": 37.99560546875
          },
          "rotation": {
            "pitch": 0,
            "yaw": 19876,
            "roll": 0
          },
          "velocity": {
            "x": 0.0,
            "y": 0.0,
            "z": 0.0
          },
          "role": "shooter"
        }
      ]
    },
    {
      "ball": {
        "location": {
          "x": -1835.4754638671875,
          "y": 2614.340087890625,
          "z": 985.2174682617188
        },
        "torque": {
          "x": 0.0,
          "y": 0.0,
          "z": 0.0
        },
        "velocity": {
          "x": 0.0,
          "y": 0.0,
          "z": 0.0
        },
        "rotation": {
          "pitch": 0,
          "yaw": 0,
          "roll": 0
        },
        "angular": {
          "x": 0.0,
          "y": 0.0,
          "z": 0.0
        }
      },
      "players": [
        {
          "boost": 100.0,
          "location": {
            "x": -1479.3702392578125,
            "y": 718.3408203125,
            "z": 37.99560546875
          },
          "rotation": {
            "pitch": 0,
            "yaw": 17161,
            "roll": 0
          },
          "velocity": {
            "x": 0.0,
            "y": 0.0,
            "z": 0.0
          },
          "role": "shooter"
        }
      ]
    },
    {
      "ball": {
        "location": {
          "x": 1274.1436767578125,
          "y": 843.3786010742188,
          "z": 189.89166259765625
        },
        "torque": {
          "x": 0.0,
          "y": 0.0,
          "z": 0.0
        },
        "velocity": {
          "x": 0.0,
          "y": 0.0,
          "z": 0.0
        },
        "rotation": {
          "pitch": 0,
          "yaw": 0,
          "roll": 0
        },
        "angular": {
          "x": 0.0,
          "y": 0.0,
          "z": 0.0
        }
      },
      "players": [
        {
          "boost": 100.0,
          "location": {
            "x": -1406.7493896484375,
            "y": 1658.7899169921875,
            "z": 37.99560546875
          },
          "rotation": {
            "pitch": 0,
            "yaw": 11114,
            "roll": 0
          },
          "velocity": {
            "x": 0.0,
            "y": 0.0,
            "z": 0.0
          },
          "role": "shooter"
        }
      ]
    },
    {
      "ball": {
        "location": {
          "x": -3766.1845703125,
          "y": 3349.7119140625,
          "z": 189.45648193359375
        },
        "torque": {
          "x": 0.0,
          "y": 0.0,
          "z": 0.0
        },
        "velocity": {
          "x": 0.0,
          "y": 0.0,
          "z": 0.0
        },
        "rotation": {
          "pitch": 0,
          "yaw": 0,
          "roll": 0
        },
        "angular": {
          "x": 0.0,
          "y": 0.0,
          "z": 0.0
        }
      },
      "players": [
        {
          "boost": 100.0,
          "location": {
            "x": 3602.745361328125,
            "y": 3725.99267578125,
            "z": 37.99560546875
          },
          "rotation": {
            "pitch": 0,
            "yaw": 31524,
            "roll": 0
          },
          "velocity": {
            "x": 0.0,
            "y": 0.0,
            "z": 0.0
          },
          "role": "shooter"
        }
      ]
    },
    {
      "ball": {
        "location": {
          "x": 2884.19287109375,
          "y": 1305.5172119140625,
          "z": 183.9405517578125
        },
        "torque": {
          "x": 0.0,
          "y": 0.0,
          "z": 0.0
        },
        "velocity": {
          "x": 0.0,
          "y": 0.0,
          "z": -59.09881591796875
        },
        "rotation": {
          "pitch": -8,
          "yaw": 4466,
          "roll": 3570
        },
        "angular": {
          "x": -3.700510025024414,
          "y": -0.7965099811553955,
          "z": 4.655210018157959
        }
      },
      "players": [
        {
          "boost": 100.0,