{
  "version": 4,
  "offense": 0,
  "defense": 0,
  "description": "Replay shots",
  "creator": "Myself",
  "code": "",
  "creatorID": "",
  "uploader": "Localhorst",
  "uploaderID": "EPIC:",
  "numDrills": 1,
  "notes": "-",
  "youtube": "-",
  "drills": [
    {
      "ball": {
        "location": {
          "x": 2018.853271484375,
          "y": 3972.06201171875,
          "z": 588.1952514648438
        },
        "torque": {
          "x": 0.0,
          "y": 0.0,
          "z": 0.0
        },
        "velocity": {
          "x": -127.66065216064453,
          "y": -1488.8726806640625,
          "z": -365.596923828125
        },
        "rotation": {
          "pitch": 1957,
          "yaw": -14883,
          "roll": 12601
        },
        "angular": {
          "x": -0.9325100183486938,
          "y": -5.760809898376465,
          "z": -1.3938100337982178
        }
      },
      "players": [
        {
          "boost": 0.9333333969116211,
          "location": {
            "x": 2153.50732421875,
            "y": 2077.422119140625,
            "z": 17.7459716796875
          },
          "rotation": {
            "pitch": -284,
            "yaw": 16295,
            "roll": 66
          },
          "velocity": {
            "x": 99.74995422363281,
            "y": 1231.223876953125,
            "z": -57.968345642089844
          },
          "role": "shooter"
        }
      ]
    }
  ]
}