{"version":4,"offense":1,"defense":0,"description":"Wall To Air Dribble-35","creator":"me","code":"5A65-4073-F310-5495","creatorID":"Steam:76561197965367834","uploader":"IFAC","uploaderID":"EPIC:","numDrills":3,"drills":[{"ball":{"location":{"x":-2598.35986328125,"y":-1177.8900146484375,"z":100},"torque":{"x":0,"y":0,"z":0},"velocity":{"x":-1868.98388671875,"y":550.5543212890625,"z":-78.39141845703125},"rotation":{"pitch":0,"yaw":0,"roll":0},"angular":{"x":0,"y":0,"z":0}},"players":[{"boost":1,"location":{"x":-3046.64990234375,"y":-1263.77001953125,"z":18.329999923706055},"rotation":{"pitch":-178,"yaw":27552,"roll":0},"velocity":{"x":0,"y":0,"z":0.3109999895095825},"role":"shooter"}]},{"ball":{"location":{"x":2613.89208984375,"y":79.9552993774414,"z":100},"torque":{"x":0,"y":0,"z":0},"velocity":{"x":1920.329345703125,"y":553.6905517578125,"z":67.43294525146484},"rotation":{"pitch":0,"yaw":0,"roll":0},"angular":{"x":0,"y":0,"z":0}},"players":[{"boost":100,"location":{"x":3089.201171875,"y":429.3749084472656,"z":37.995601654052734},"rotation":{"pitch":0,"yaw":1837,"roll":0},"velocity":{"x":0,"y":0,"z":0},"role":"shooter"}]},{"ball":{"location":{"x":-2636.427490234375,"y":2333.25537109375,"z":100},"torque":{"x":0,"y":0,"z":0},"velocity":{"x":-1576.422119140625,"y":253.02395629882812,"z":96.2880630493164},"rotation":{"pitch":0,"yaw":0,"roll":0},"angular":{"x":0,"y":0,"z":0}},"players":[{"boost":100,"location":{"x":-2874.319091796875,"y":2162.793701171875,"z":37.99560546875},"rotation":{"pitch":0,"yaw":30358,"roll":0},"velocity":{"x":0,"y":0,"z":0},"role":"shooter"}]}],"uploadID":1820}