{
  "version": 4,
  "offense": 0,
  "defense": 0,
  "description": "Replay shots",
  "creator": "Myself",
  "code": "",
  "creatorID": "",
  "uploader": "Localhorst",
  "uploaderID": "EPIC:",
  "numDrills": 1,
  "notes": "-",
  "youtube": "-",
  "drills": [
    {
      "ball": {
        "location": {
          "x": -224.27854919433594,
          "y": 4970.59912109375,
          "z": 1345.6024169921875
        },
        "torque": {
          "x": 0.0,
          "y": 0.0,
          "z": 0.0
        },
        "velocity": {
          "x": -992.0107421875,
          "y": 1829.8836669921875,
          "z": -792.3297729492188
        },
        "rotation": {
          "pitch": -498,
          "yaw": -6383,
          "roll": -8793
        },
        "angular": {
          "x": 3.2432098388671875,
          "y": -3.873610019683838,
          "z": 3.236609935760498
        }
      },
      "players": [
        {
          "boost": 0.729411780834198,
          "location": {
            "x": 230.31961059570313,
            "y": 1380.5748291015625,
            "z": 16.999967575073242
          },
          "rotation": {
            "pitch": -101,
            "yaw": 21582,
            "roll": 0
          },
          "velocity": {
            "x": -855.06005859375,
            "y": 1580.6009521484375,
            "z": 0.35099998116493225
          },
          "role": "shooter"
        }
      ]
    }
  ]
}