{"version":4,"offense":0,"defense":0,"description":"Replay shots","creator":"Myself","code":"","creatorID":"","uploader":"Localhorst","uploaderID":"EPIC:","numDrills":1,"drills":[{"ball":{"location":{"x":1581.530029296875,"y":3001.538818359375,"z":243.194580078125},"torque":{"x":0,"y":0,"z":0},"velocity":{"x":585.9598999023438,"y":-826.5034790039062,"z":706.9843139648438},"rotation":{"pitch":11328,"yaw":24573,"roll":-4045},"angular":{"x":4.884210109710693,"y":3.4628100395202637,"z":0.39111000299453735}},"players":[{"boost":1,"location":{"x":2874.339599609375,"y":-652.2583618164062,"z":16.9899845123291},"rotation":{"pitch":-100,"yaw":20588,"roll":-1},"velocity":{"x":-346.9449157714844,"y":747.30615234375,"z":0.5109999775886536},"role":"shooter"}]}],"uploadID":1825}