{
  "version": 4,
  "offense": 1,
  "defense": 0,
  "description": "Wall To Air Dribble",
  "creator": "iP JoKeR",
  "code": "5A65-4073-F310-5495",
  "creatorID": "Steam:76561197965367834",
  "uploader": "IFAC",
  "uploaderID": "EPIC:",
  "numDrills": 3,
  "tags": [
    "AJS"
  ],
  "drills": [
    {
      "ball": {
        "location": {
          "x": -2598.35986328125,
          "y": -1177.8900146484375,
          "z": 100.0
        },
        "torque": {
          "x": 0.0,
          "y": 0.0,
          "z": 0.0
        },
        "velocity": {
          "x": -1868.94775390625,
          "y": 550.5438232421875,
          "z": -78.79730224609375
        },
        "rotation": {
          "pitch": 0,
          "yaw": 0,
          "roll": 0
        },
        "angular": {
          "x": 0.0,
          "y": 0.0,
          "z": 0.0
        }
      },
      "players": [
        {
          "boost": 1.0,
          "location": {
            "x": -3046.64990234375,
            "y": -1263.77001953125,
            "z": 18.329999923706055
          },
          "rotation": {
            "pitch": -178,
            "yaw": 27552,
            "roll": 0
          },
          "velocity": {
            "x": 0.0,
            "y": 0.0,
            "z": 0.3109999895095825
          },
          "role": "shooter"
        }
      ]
    },
    {
      "ball": {
        "location": {
          "x": 2613.89208984375,
          "y": 79.9552993774414,
          "z": 100.0
        },
        "torque": {
          "x": 0.0,
          "y": 0.0,
          "z": 0.0
        },
        "velocity": {
          "x": 1920.1964111328125,
          "y": 553.6525268554688,
          "z": 65.95693969726563
        },
        "rotation": {
          "pitch": 0,
          "yaw": 0,
          "roll": 0
        },
        "angular": {
          "x": 0.0,
          "y": 0.0,
          "z": 0.0
        }
      },
      "players": [
        {
          "boost": 100.0,
          "location": {
            "x": 3089.201171875,
            "y": 429.3749084472656,
            "z": 37.995601654052734
          },
          "rotation": {
            "pitch": 0,
            "yaw": 1837,
            "roll": 0
          },
          "velocity": {
            "x": 0.0,
            "y": 0.0,
            "z": 0.0
          },
          "role": "shooter"
        }
      ]
    },
    {
      "ball": {
        "location": {
          "x": -2636.427490234375,
          "y": 2333.25537109375,
          "z": 100.0
        },
        "torque": {
          "x": 0.0,
          "y": 0.0,
          "z": 0.0
        },
        "velocity": {
          "x": -1576.4112548828125,
          "y": 253.02206420898438,
          "z": 96.14080810546875
        },
        "rotation": {
          "pitch": 0,
          "yaw": 0,
          "roll": 0
        },
        "angular": {
          "x": 0.0,
          "y": 0.0,
          "z": 0.0
        }
      },
      "players": [
        {
          "boost": 100.0,
          "location": {
            "x": -2874.319091796875,
            "y": 2162.793701171875,
            "z": 37.99560546875
          },
          "rotation": {
            "pitch": 0,
            "yaw": 30358,
            "roll": 0
          },
          "velocity": {
            "x": 0.0,
            "y": 0.0,
            "z": 0.0
          },
          "role": "shooter"
        }
      ]
    }
  ]
}