{
  "version": 4,
  "offense": 0,
  "defense": 0,
  "description": "",
  "creator": "",
  "code": "",
  "creatorID": "",
  "uploader": "angelsoft the grinder",
  "uploaderID": "EPIC:",
  "numDrills": 1,
  "drills": [
    {
      "ball": {
        "location": {
          "x": -3067.42431640625,
          "y": 4233.39697265625,
          "z": 634.5750732421875
        },
        "torque": {
          "x": 0.0,
          "y": 0.0,
          "z": 0.0
        },
        "velocity": {
          "x": -920.0735473632813,
          "y": -1526.34130859375,
          "z": 380.24017333984375
        },
        "rotation": {
          "pitch": -6291,
          "yaw": 22852,
          "roll": -18213
        },
        "angular": {
          "x": -3.2942099571228027,
          "y": 2.3941099643707275,
          "z": -4.406310081481934
        }
      },
      "players": [
        {
          "boost": 0.7705560326576233,
          "location": {
            "x": -3043.90185546875,
            "y": 4944.69677734375,
            "z": 322.7834777832031
          },
          "rotation": {
            "pitch": 1865,
            "yaw": -26502,
            "roll": 16339
          },
          "velocity": {
            "x": -1364.210205078125,
            "y": -891.5752563476563,
            "z": 223.86375427246094
          },
          "role": "shooter"
        }
      ]
    }
  ]
}