{
  "version": 4,
  "offense": 1,
  "defense": 0,
  "description": "Passing (Downfield Left)",
  "creator": "Wayprotein",
  "code": "C833-6A35-A46A-7191",
  "creatorID": "Steam:76561198141816115",
  "uploader": "who is the Freestyler^-^",
  "uploaderID": "EPIC:",
  "numDrills": 16,
  "drills": [
    {
      "ball": {
        "location": {
          "x": -381.6300048828125,
          "y": -2587.409912109375,
          "z": 153.89999389648438
        },
        "torque": {
          "x": 0.0,
          "y": 0.0,
          "z": 0.0
        },
        "velocity": {
          "x": -165.1646728515625,
          "y": 453.3797912597656,
          "z": 8.858548164367676
        },
        "rotation": {
          "pitch": 0,
          "yaw": 0,
          "roll": 0
        },
        "angular": {
          "x": 0.0,
          "y": 0.0,
          "z": 0.0
        }
      },
      "players": [
        {
          "boost": 1.0,
          "location": {
            "x": -370.79998779296875,
            "y": -3045.85986328125,
            "z": 17.059999465942383
          },
          "rotation": {
            "pitch": -175,
            "yaw": 22508,
            "roll": 0
          },
          "velocity": {
            "x": 0.0,
            "y": 0.0,
            "z": 0.20099999010562897
          },
          "role": "shooter"
        }
      ]
    },
    {
      "ball": {
        "location": {
          "x": 995.0657958984375,
          "y": -3546.183349609375,
          "z": 193.04910278320313
        },
        "torque": {
          "x": 0.0,
          "y": 0.0,
          "z": 0.0
        },
        "velocity": {
          "x": 0.0,
          "y": 0.0,
          "z": -36.88020324707031
        },
        "rotation": {
          "pitch": -2831,
          "yaw": 286,
          "roll": -1678
        },
        "angular": {
          "x": 2.749009847640991,
          "y": 4.803509712219238,
          "z": 0.09500999748706818
        }
      },
      "players": [
        {
          "boost": 100.0,
          "location": {
            "x": -1707.8466796875,
            "y": -1960.3931884765625,
            "z": 38.0
          },
          "rotation": {
            "pitch": 0,
            "yaw": 12822,
            "roll": 0
          },
          "velocity": {
            "x": 0.0,
            "y": 0.0,
            "z": 0.0
          },
          "role": "shooter"
        }
      ]
    },
    {
      "ball": {
        "location": {
          "x": -2764.306884765625,
          "y": -724.0401000976563,
          "z": 125.92730712890625
        },
        "torque": {
          "x": 0.0,
          "y": 0.0,
          "z": 0.0
        },
        "velocity": {
          "x": 0.0,
          "y": 0.0,
          "z": 0.0
        },
        "rotation": {
          "pitch": 0,
          "yaw": 0,
          "roll": 0
        },
        "angular": {
          "x": 0.0,
          "y": 0.0,
          "z": 0.0
        }
      },
      "players": [
        {
          "boost": 100.0,
          "location": {
            "x": 2638.9140625,
            "y": 463.8868103027344,
            "z": 38.0
          },
          "rotation": {
            "pitch": 0,
            "yaw": 22014,
            "roll": 0
          },
          "velocity": {
            "x": 0.0,
            "y": 0.0,
            "z": 0.0
          },
          "role": "shooter"
        }
      ]
    },
    {
      "ball": {
        "location": {
          "x": -3443.891845703125,
          "y": -397.9833679199219,
          "z": 306.6641540527344
        },
        "torque": {
          "x": 0.0,
          "y": 0.0,
          "z": 0.0
        },
        "velocity": {
          "x": 0.0,
          "y": 0.0,
          "z": 0.0
        },
        "rotation": {
          "pitch": 0,
          "yaw": 0,
          "roll": 0
        },
        "angular": {
          "x": 0.0,
          "y": 0.0,
          "z": 0.0
        }
      },
      "players": [
        {
          "boost": 100.0,
          "location": {
            "x": -2888.411865234375,
            "y": -4052.97802734375,
            "z": 38.0
          },
          "rotation": {
            "pitch": 0,
            "yaw": 16502,
            "roll": 0
          },
          "velocity": {
            "x": 0.0,
            "y": 0.0,
            "z": 0.0
          },
          "role": "shooter"
        }
      ]
    },
    {
      "ball": {
        "location": {
          "x": -192.8301544189453,
          "y": -3168.8818359375,
          "z": 185.12405395507813
        },
        "torque": {
          "x": 0.0,
          "y": 0.0,
          "z": 0.0
        },
        "velocity": {
          "x": 0.0,
          "y": 0.0,
          "z": 0.0
        },
        "rotation": {
          "pitch": 0,
          "yaw": 0,
          "roll": 0
        },
        "angular": {
          "x": 0.0,
          "y": 0.0,
          "z": 0.0
        }
      },
      "players": [
        {
          "boost": 100.0,
          "location": {
            "x": -2966.15234375,
            "y": 4030.158935546875,
            "z": 38.0
          },
          "rotation": {
            "pitch": 0,
            "yaw": -15756,
            "roll": 0
          },
          "velocity": {
            "x": 0.0,
            "y": 0.0,
            "z": 0.0
          },
          "role": "shooter"
        }
      ]
    },
    {
      "ball": {
        "location": {
          "x": -3274.375,
          "y": -4541.482421875,
          "z": 104.39039611816406
        },
        "torque": {
          "x": 0.0,
          "y": 0.0,
          "z": 0.0
        },
        "velocity": {
          "x": 4.570982933044434,
          "y": 20.242490768432617,
          "z": -9.533045768737793
        },
        "rotation": {
          "pitch": 1760,
          "yaw": -186,
          "roll": 3055
        },
        "angular": {
          "x": -4.943258762359619,
          "y": -2.7897727489471436,
          "z": -0.7883692383766174
        }
      },
      "players": [
        {
          "boost": 100.0,
          "location": {
            "x": 444.96240234375,
            "y": -5073.0810546875,
            "z": 38.0
          },
          "rotation": {
            "pitch": 0,
            "yaw": 30156,
            "roll": 0
          },
          "velocity": {
            "x": 0.0,
            "y": 0.0,
            "z": 0.0
          },
          "role": "shooter"
        }
      ]
    },
    {
      "ball": {
        "location": {
          "x": -2513.218017578125,
          "y": -85.0191650390625,
          "z": 152.26661682128906
        },
        "torque": {
          "x": 0.0,
          "y": 0.0,
          "z": 0.0
        },
        "velocity": {
          "x": 0.0,
          "y": 0.0,
          "z": -41.005435943603516
        },
        "rotation": {
          "pitch": -2713,
          "yaw": -876,
          "roll": -2637
        },
        "angular": {
          "x": 4.149409770965576,
          "y": 3.9257099628448486,
          "z": -1.8359099626541138
        }
      },
      "players": [
        {
          "boost": 100.0,
          "location": {
            "x": -2799.008544921875,
            "y": -4743.7265625,
            "z": 61.82780075073242
          },
          "rotation": {
            "pitch": 0,
            "yaw": 2775,
            "roll": 0
          },
          "velocity": {
            "x": 0.0,
            "y": 0.0,
            "z": 0.0
          },
          "role": "shooter"
        }
      ]
    },
    {
      "ball": {
        "location": {
          "x": 1587.1312255859375,
          "y": -3839.435791015625,
          "z": 105.15885162353516
        },
        "torque": {
          "x": 0.0,
          "y": 0.0,
          "z": 0.0
        },
        "velocity": {
          "x": 0.0,
          "y": 0.0,
          "z": -32.09845733642578
        },
        "rotation": {
          "pitch": 766,
          "yaw": 43,
          "roll": 2577
        },