{
  "version": 4,
  "offense": 2,
  "defense": 0,
  "description": "Passing (Downfield Left)",
  "creator": "Wayprotein",
  "code": "C833-6A35-A46A-7191",
  "creatorID": "Steam:76561198141816115",
  "uploader": "sofzi.",
  "uploaderID": "EPIC:928189010b654ac3b7c3e2a7465c3a91",
  "numDrills": 8,
  "drills": [
    {
      "ball": {
        "location": {
          "x": 3134.981689453125,
          "y": -4301.68603515625,
          "z": 175.3309783935547
        },
        "torque": {
          "x": 0.0,
          "y": 0.0,
          "z": 0.0
        },
        "velocity": {
          "x": -1851.7564697265625,
          "y": -226.94638061523438,
          "z": -1353.045654296875
        },
        "rotation": {
          "pitch": 0,
          "yaw": 0,
          "roll": 0
        },
        "angular": {
          "x": 0.0,
          "y": 0.0,
          "z": 0.0
        }
      },
      "players": [
        {
          "boost": 1.0,
          "location": {
            "x": 3780.030029296875,
            "y": -2836.2900390625,
            "z": 17.010000228881836
          },
          "rotation": {
            "pitch": -100,
            "yaw": 17076,
            "roll": 0
          },
          "velocity": {
            "x": 0.0,
            "y": 0.0,
            "z": 0.210999995470047
          },
          "role": "shooter"
        },
        {
          "boost": 100.0,
          "location": {
            "x": -444.96240234375,
            "y": -5073.0810546875,
            "z": 37.99560546875
          },
          "rotation": {
            "pitch": 0,
            "yaw": 2612,
            "roll": 0
          },
          "velocity": {
            "x": 0.0,
            "y": 0.0,
            "z": 0.0
          },
          "role": "passer"
        }
      ]
    },
    {
      "ball": {
        "location": {
          "x": -92.24195861816406,
          "y": 171.1353759765625,
          "z": 502.30706787109375
        },
        "torque": {
          "x": 0.0,
          "y": 0.0,
          "z": 0.0
        },
        "velocity": {
          "x": 0.0,
          "y": 0.0,
          "z": 0.0
        },
        "rotation": {
          "pitch": 0,
          "yaw": 0,
          "roll": 0
        },
        "angular": {
          "x": 0.0,
          "y": 0.0,
          "z": 0.0
        }
      },
      "players": [
        {
          "boost": 100.0,
          "location": {
            "x": 2966.15234375,
            "y": 4030.158935546875,
            "z": 37.995601654052734
          },
          "rotation": {
            "pitch": 0,
            "yaw": -17011,
            "roll": 0
          },
          "velocity": {
            "x": 0.0,
            "y": 0.0,
            "z": 0.0
          },
          "role": "shooter"
        },
        {
          "boost": 100.0,
          "location": {
            "x": -250.86289978027344,
            "y": -3764.5595703125,
            "z": 37.99560546875
          },
          "rotation": {
            "pitch": 0,
            "yaw": 15589,
            "roll": 0
          },
          "velocity": {
            "x": 0.0,
            "y": 0.0,
            "z": 0.0
          },
          "role": "passer"
        }
      ]
    },
    {
      "ball": {
        "location": {
          "x": 3121.37841796875,
          "y": -372.1524658203125,
          "z": 323.20733642578125
        },
        "torque": {
          "x": 0.0,
          "y": 0.0,
          "z": 0.0
        },
        "velocity": {
          "x": 1385.3907470703125,
          "y": -1473.114501953125,
          "z": 286.09521484375
        },
        "rotation": {
          "pitch": 0,
          "yaw": 0,
          "roll": 0
        },
        "angular": {
          "x": 0.0,
          "y": 0.0,
          "z": 0.0
        }
      },
      "players": [
        {
          "boost": 100.0,
          "location": {
            "x": 3424.63623046875,
            "y": -216.01730346679688,
            "z": 37.99560546875
          },
          "rotation": {
            "pitch": 0,
            "yaw": 18814,
            "roll": 0
          },
          "velocity": {
            "x": 0.0,
            "y": 0.0,
            "z": 0.0
          },
          "role": "shooter"
        },
        {
          "boost": 100.0,
          "location": {
            "x": 2888.411865234375,
            "y": -4052.97802734375,
            "z": 37.99560546875
          },
          "rotation": {
            "pitch": 0,
            "yaw": 16266,
            "roll": 0
          },
          "velocity": {
            "x": 0.0,
            "y": 0.0,
            "z": 0.0
          },
          "role": "passer"
        }
      ]
    },
    {
      "ball": {
        "location": {
          "x": -2874.19970703125,
          "y": 3091.369384765625,
          "z": 175.21165466308594
        },
        "torque": {
          "x": 0.0,
          "y": 0.0,
          "z": 0.0
        },
        "velocity": {
          "x": 0.0,
          "y": 0.0,
          "z": 0.0
        },
        "rotation": {
          "pitch": 0,
          "yaw": 0,
          "roll": 0
        },
        "angular": {
          "x": 0.0,
          "y": 0.0,
          "z": 0.0
        }
      },
      "players": [
        {
          "boost": 100.0,
          "location": {
            "x": 2638.9140625,
            "y": 463.8868103027344,
            "z": 37.99560546875
          },
          "rotation": {
            "pitch": 0,
            "yaw": 22014,
            "roll": 0
          },
          "velocity": {
            "x": 0.0,
            "y": 0.0,
            "z": 0.0
          },
          "role": "shooter"
        },
        {
          "boost": 100.0,
          "location": {
            "x": -2881.917236328125,
            "y": -3579.68408203125,
            "z": 37.99560546875
          },
          "rotation": {
            "pitch": 0,
            "yaw": 20627,
            "roll": 0
          },
          "velocity": {
            "x": 0.0,
            "y": 0.0,
            "z": 0.0
          },
          "role": "passer"
        }
      ]
    },
    {
      "ball": {
        "location": {
          "x": -1592.935791015625,
          "y": -3951.435546875,
          "z": 140.82278442382813
        },
        "torque": {
          "x": 0.0,
          "y": 0.0,
          "z": 0.0
        },
        "velocity": {
          "x": -2823.58251953125,
          "y": 277.00714111328125,
          "z": -33.07392120361328
        },
        "rotation": {
          "pitch": 0,
          "yaw": 0,
          "roll": 0
        },
        "angular": {
          "x": 0.0,
          "y": 0.0,
          "z": 0.0
        }
      },
      "players": [
        {
          "boost": 100.0,
          "location": {
            "x": -557.07470703125,
            "y": -3369.64404296875,
            "z": 37.99560546875
          },
          "rotation": {
            "pitch": 0,
            "yaw": 17353,
            "roll": 0
          },
          "velocity": {
            "x": 0.0,
            "y": 0.0,
            "z": 0.0
          },
          "role": "shooter"
        },
        {
          "boost": 100.0,
          "location": {
            "x": -1246.3070068359375,
            "y": -4215.24755859375,
            "z": 37.99560546875
          },
          "rotation": {
            "pitch": 0,
            "yaw": 27351,
            "roll": 0
          },
          "velocity": {
            "x": 0.0,
            "y": 0.0,
            "z": 0.0
          },
          "role": "passer"
        }
      ]
    },
    {
      "ball": {
        "location": {
          "x": -699.5399169921875,
          "y": -2823.78076171875,
          "z": 281.59552001953125
        },
        "torque": {
          "x": 0.0,
          "y": 0.0,
          "z": 0.0
        },
        "velocity": {
          "x": 0.0,
          "y": 0.0,
          "z": 0.0
        },
        "rotation": {
          "pitch": 0,
          "yaw": 0,
          "roll": 0
        },