{"version":4,"offense":3,"defense":0,"description":"Team Pinch","creator":"AraTheLegend","code":"1329-DB59-2146-9E55","creatorID":"Epic:2d24633ac98b4615b3af43e88640de8d","uploader":"AraTheLegend","uploaderID":"EPIC:2d24633ac98b4615b3af43e88640de8d","numDrills":1,"drills":[{"ball":{"location":{"x":3106.31982421875,"y":3730.849853515625,"z":100.4800033569336},"torque":{"x":0,"y":0,"z":0},"velocity":{"x":-97.93855285644531,"y":-18.03351593017578,"z":-12.818758010864258},"rotation":{"pitch":0,"yaw":0,"roll":0},"angular":{"x":0,"y":0,"z":0}},"players":[{"boost":1,"location":{"x":3415.25,"y":-3817.35986328125,"z":17.010000228881836},"rotation":{"pitch":-101,"yaw":-23720,"roll":0},"velocity":{"x":0,"y":0,"z":0.210999995470047},"role":"shooter"},{"boost":100,"location":{"x":-3163.01611328125,"y":4180.57177734375,"z":37.99560546875},"rotation":{"pitch":0,"yaw":57850,"roll":0},"velocity":{"x":0,"y":0,"z":0},"role":"passer"},{"boost":100,"location":{"x":3599.198486328125,"y":3829.94189453125,"z":37.99560546875},"rotation":{"pitch":0,"yaw":35014,"roll":0},"velocity":{"x":0,"y":0,"z":0},"role":"passer"}]}],"uploadID":1890}