{"version":4,"offense":2,"defense":0,"description":"Team Pinch -1","creator":"AraTheLegend","code":"A3FF-95EA-721A-C381","creatorID":"Epic:2d24633ac98b4615b3af43e88640de8d","uploader":"AraTheLegend","uploaderID":"EPIC:2d24633ac98b4615b3af43e88640de8d","numDrills":1,"tags":["Pinch Shots"],"drills":[{"ball":{"location":{"x":-2921.68994140625,"y":3567.139892578125,"z":100.4800033569336},"torque":{"x":0,"y":0,"z":0},"velocity":{"x":97.06600952148438,"y":-23.872669219970703,"z":-3.0165843963623047},"rotation":{"pitch":0,"yaw":0,"roll":0},"angular":{"x":0,"y":0,"z":0}},"players":[{"boost":1,"location":{"x":397.9773254394531,"y":-1882.22509765625,"z":1289.5780029296875},"rotation":{"pitch":724,"yaw":7417,"roll":-31694},"velocity":{"x":1665.2047119140625,"y":1426.8919677734375,"z":-693.5650024414062},"role":"shooter"},{"boost":100,"location":{"x":-3600.496826171875,"y":3764.4580078125,"z":37.99560546875},"rotation":{"pitch":0,"yaw":-2428,"roll":0},"velocity":{"x":0,"y":0,"z":0},"role":"passer"}]}],"uploadID":1893}