{"version":4,"offense":1,"defense":0,"description":"Team Pinch -1","creator":"AraTheLegend","code":"A3FF-95EA-721A-C381","creatorID":"Epic:2d24633ac98b4615b3af43e88640de8d","uploader":"AraTheLegend","uploaderID":"EPIC:2d24633ac98b4615b3af43e88640de8d","numDrills":2,"drills":[{"ball":{"location":{"x":-2601.485595703125,"y":3494.483154296875,"z":93.1500015258789},"torque":{"x":0,"y":0,"z":0},"velocity":{"x":60.320308685302734,"y":-12.350309371948242,"z":0},"rotation":{"pitch":2900,"yaw":27993,"roll":31775},"angular":{"x":0.13530999422073364,"y":0.6611892580986023,"z":0}},"players":[{"boost":1,"location":{"x":-3308.559814453125,"y":3695.0498046875,"z":17.010000228881836},"rotation":{"pitch":-100,"yaw":-2428,"roll":0},"velocity":{"x":0,"y":0,"z":0.210999995470047},"role":"shooter"}]},{"ball":{"location":{"x":-2921.68994140625,"y":3567.139892578125,"z":100.4800033569336},"torque":{"x":0,"y":0,"z":0},"velocity":{"x":97.07887268066406,"y":-23.876956939697266,"z":-0.6959778070449829},"rotation":{"pitch":0,"yaw":0,"roll":0},"angular":{"x":0,"y":0,"z":0}},"players":[{"boost":100,"location":{"x":3227.708251953125,"y":4246.7119140625,"z":37.99560546875},"rotation":{"pitch":0,"yaw":-22990,"roll":0},"velocity":{"x":0,"y":0,"z":0},"role":"shooter"}]}],"uploadID":1892}