{
  "version": 4,
  "offense": 1,
  "defense": 0,
  "description": "Wall Air Drag",
  "creator": "Light",
  "code": "C969-221B-375B-C5B1",
  "creatorID": "PS4:587776806437096739",
  "uploader": ":::ANONYMOUSTIMETRAVELER.COM:::",
  "uploaderID": "EPIC:",
  "numDrills": 4,
  "drills": [
    {
      "ball": {
        "location": {
          "x": -2204.760009765625,
          "y": -620.0899658203125,
          "z": 100.47999572753906
        },
        "torque": {
          "x": 0.0,
          "y": 0.0,
          "z": 0.0
        },
        "velocity": {
          "x": -1807.136962890625,
          "y": 342.9145812988281,
          "z": -198.9590301513672
        },
        "rotation": {
          "pitch": 0,
          "yaw": 0,
          "roll": 0
        },
        "angular": {
          "x": 0.0,
          "y": 0.0,
          "z": 0.0
        }
      },
      "players": [
        {
          "boost": 1.0,
          "location": {
            "x": -2723.239990234375,
            "y": -769.3899536132813,
            "z": 17.049999237060547
          },
          "rotation": {
            "pitch": -175,
            "yaw": 29320,
            "roll": 0
          },
          "velocity": {
            "x": 0.0,
            "y": 0.0,
            "z": 0.25099998712539673
          },
          "role": "shooter"
        }
      ]
    },
    {
      "ball": {
        "location": {
          "x": -1469.0535888671875,
          "y": -2.539400100708008,
          "z": 100.48280334472656
        },
        "torque": {
          "x": 0.0,
          "y": 0.0,
          "z": 0.0
        },
        "velocity": {
          "x": -1923.0987548828125,
          "y": 316.99859619140625,
          "z": 5.303144454956055
        },
        "rotation": {
          "pitch": 0,
          "yaw": 0,
          "roll": 0
        },
        "angular": {
          "x": 0.0,
          "y": 0.0,
          "z": 0.0
        }
      },
      "players": [
        {
          "boost": 100.0,
          "location": {
            "x": -1287.5908203125,
            "y": -40.7322998046875,
            "z": 37.99560546875
          },
          "rotation": {
            "pitch": 0,
            "yaw": 30610,
            "roll": 0
          },
          "velocity": {
            "x": 0.0,
            "y": 0.0,
            "z": 0.0
          },
          "role": "shooter"
        }
      ]
    },
    {
      "ball": {
        "location": {
          "x": -2060.029296875,
          "y": -1734.9154052734375,
          "z": 100.48280334472656
        },
        "torque": {
          "x": 0.0,
          "y": 0.0,
          "z": 0.0
        },
        "velocity": {
          "x": -1893.288330078125,
          "y": 147.68328857421875,
          "z": -44.32374954223633
        },
        "rotation": {
          "pitch": 0,
          "yaw": 0,
          "roll": 0
        },
        "angular": {
          "x": 0.0,
          "y": 0.0,
          "z": 0.0
        }
      },
      "players": [
        {
          "boost": 100.0,
          "location": {
            "x": -3261.73095703125,
            "y": -2969.694091796875,
            "z": 37.99560546875
          },
          "rotation": {
            "pitch": 0,
            "yaw": 23615,
            "roll": 0
          },
          "velocity": {
            "x": 0.0,
            "y": 0.0,
            "z": 0.0
          },
          "role": "shooter"
        }
      ]
    },
    {
      "ball": {
        "location": {
          "x": 2909.86669921875,
          "y": -1902.5648193359375,
          "z": 100.48280334472656
        },
        "torque": {
          "x": 0.0,
          "y": 0.0,
          "z": 0.0
        },
        "velocity": {
          "x": 1601.936279296875,
          "y": -390.8318176269531,
          "z": 22.531017303466797
        },
        "rotation": {
          "pitch": 0,
          "yaw": 0,
          "roll": 0
        },
        "angular": {
          "x": 0.0,
          "y": 0.0,
          "z": 0.0
        }
      },
      "players": [
        {
          "boost": 100.0,
          "location": {
            "x": 3310.94482421875,
            "y": -2752.60546875,
            "z": 37.99560546875
          },
          "rotation": {
            "pitch": 0,
            "yaw": 4119,
            "roll": 0
          },
          "velocity": {
            "x": 0.0,
            "y": 0.0,
            "z": 0.0
          },
          "role": "shooter"
        }
      ]
    }
  ]
}