{"version":4,"offense":3,"defense":1,"description":"test2","creator":"test2","code":"","creatorID":"","uploader":"Fury","uploaderID":"EPIC:","numDrills":1,"notes":"test2","drills":[{"ball":{"location":{"x":1473.8299560546875,"y":-1316.3800048828125,"z":100.4800033569336},"torque":{"x":0,"y":0,"z":0},"velocity":{"x":997.5145263671875,"y":-2071.95361328125,"z":-29.764192581176758},"rotation":{"pitch":0,"yaw":0,"roll":0},"angular":{"x":0,"y":0,"z":0}},"players":[{"boost":1,"location":{"x":-3278.1298828125,"y":-4174.48974609375,"z":17.049999237060547},"rotation":{"pitch":-175,"yaw":14700,"roll":0},"velocity":{"x":0,"y":0,"z":0.2709999680519104},"role":"shooter"},{"boost":100,"location":{"x":2844.90771484375,"y":-4502.794921875,"z":37.99560546875},"rotation":{"pitch":0,"yaw":-48530,"roll":0},"velocity":{"x":0,"y":0,"z":0},"role":"passer"},{"boost":100,"location":{"x":228.57789611816406,"y":-2721.155517578125,"z":37.99560546875},"rotation":{"pitch":0,"yaw":-55921,"roll":0},"velocity":{"x":0,"y":0,"z":0},"role":"passer"},{"boost":100,"location":{"x":-2.0106000900268555,"y":5567.373046875,"z":48.286468505859375},"rotation":{"pitch":0,"yaw":49128,"roll":0},"velocity":{"x":0,"y":0,"z":0},"role":"defender"}]}],"uploadID":1914}