{"version":4,"offense":0,"defense":0,"description":"prova","creator":"io","code":"","creatorID":"","uploader":"TheCowOnTheTrain","uploaderID":"EPIC:b7b15a145005431296bb549bc7df1db5","numDrills":1,"tags":["Aerials"],"drills":[{"ball":{"location":{"x":1753.0821533203125,"y":1270.3873291015625,"z":1116.1312255859375},"torque":{"x":0,"y":0,"z":0},"velocity":{"x":133.0266876220703,"y":1002.5628662109375,"z":-1324.55908203125},"rotation":{"pitch":3427,"yaw":3786,"roll":-27624},"angular":{"x":5.945109844207764,"y":-0.7918099761009216,"z":-0.16730999946594238}},"players":[{"boost":0.0704643651843071,"location":{"x":3010.127685546875,"y":-1306.1495361328125,"z":17.266878128051758},"rotation":{"pitch":-90,"yaw":8417,"roll":16},"velocity":{"x":968.0206909179688,"y":899.1477661132812,"z":2.6995458602905273},"role":"shooter"}]}],"uploadID":1926}