{"version":4,"offense":3,"defense":1,"description":"test","creator":"test","code":"","creatorID":"","uploader":"Fury","uploaderID":"EPIC:","numDrills":1,"notes":"test","drills":[{"ball":{"location":{"x":2646.2099609375,"y":3507.510009765625,"z":100.4800033569336},"torque":{"x":0,"y":0,"z":0},"velocity":{"x":88.85581970214844,"y":-43.06927490234375,"z":2296.83544921875},"rotation":{"pitch":0,"yaw":0,"roll":0},"angular":{"x":0,"y":0,"z":0}},"players":[{"boost":1,"location":{"x":-3661.8798828125,"y":1524.1199951171875,"z":17.049999237060547},"rotation":{"pitch":-175,"yaw":14844,"roll":0},"velocity":{"x":0,"y":0,"z":0.2709999680519104},"role":"shooter"},{"boost":100,"location":{"x":-437.4457092285156,"y":5169.85009765625,"z":38},"rotation":{"pitch":0,"yaw":6229,"roll":0},"velocity":{"x":0,"y":0,"z":0},"role":"passer"},{"boost":100,"location":{"x":-59.140899658203125,"y":-3307.875,"z":37.99560546875},"rotation":{"pitch":0,"yaw":-15796,"roll":0},"velocity":{"x":0,"y":0,"z":0},"role":"passer"},{"boost":100,"location":{"x":-97.04080200195312,"y":5544.93212890625,"z":47.400638580322266},"rotation":{"pitch":0,"yaw":48720,"roll":0},"velocity":{"x":0,"y":0,"z":0},"role":"defender"}]}],"uploadID":1913}