{
  "version": 4,
  "offense": 1,
  "defense": 0,
  "description": "Passing (Downfield Left)",
  "creator": "Wayprotein",
  "code": "C833-6A35-A46A-7191",
  "creatorID": "Steam:76561198141816115",
  "uploader": "Evanble !",
  "uploaderID": "EPIC:",
  "numDrills": 16,
  "drills": [
    {
      "ball": {
        "location": {
          "x": -598.5299682617188,
          "y": -2754.699951171875,
          "z": 242.739990234375
        },
        "torque": {
          "x": 0.0,
          "y": 0.0,
          "z": 0.0
        },
        "velocity": {
          "x": -177.46554565429688,
          "y": 490.65679931640625,
          "z": 7.609220027923584
        },
        "rotation": {
          "pitch": 0,
          "yaw": 0,
          "roll": 0
        },
        "angular": {
          "x": 0.0,
          "y": 0.0,
          "z": 0.0
        }
      },
      "players": [
        {
          "boost": 0.7633137702941895,
          "location": {
            "x": -488.4100036621094,
            "y": -3237.7099609375,
            "z": 17.010000228881836
          },
          "rotation": {
            "pitch": -99,
            "yaw": 21468,
            "roll": 0
          },
          "velocity": {
            "x": 0.0,
            "y": 0.0,
            "z": 0.210999995470047
          },
          "role": "shooter"
        }
      ]
    },
    {
      "ball": {
        "location": {
          "x": -3296.667236328125,
          "y": -378.5003967285156,
          "z": 367.972900390625
        },
        "torque": {
          "x": 0.0,
          "y": 0.0,
          "z": 0.0
        },
        "velocity": {
          "x": 0.0,
          "y": 0.0,
          "z": -3.3068594932556152
        },
        "rotation": {
          "pitch": -139,
          "yaw": -155,
          "roll": -173
        },
        "angular": {
          "x": 3.2835099697113037,
          "y": 2.587509870529175,
          "z": -2.9340100288391113
        }
      },
      "players": [
        {
          "boost": 100.0,
          "location": {
            "x": -2705.897705078125,
            "y": -3886.6650390625,
            "z": 37.99560546875
          },
          "rotation": {
            "pitch": 0,
            "yaw": 16406,
            "roll": 0
          },
          "velocity": {
            "x": 0.0,
            "y": 0.0,
            "z": 0.0
          },
          "role": "shooter"
        }
      ]
    },
    {
      "ball": {
        "location": {
          "x": 876.32958984375,
          "y": -3610.698486328125,
          "z": 196.0206298828125
        },
        "torque": {
          "x": 0.0,
          "y": 0.0,
          "z": 0.0
        },
        "velocity": {
          "x": -812.80322265625,
          "y": 2057.607666015625,
          "z": 1043.6754150390625
        },
        "rotation": {
          "pitch": 0,
          "yaw": 0,
          "roll": 0
        },
        "angular": {
          "x": 0.0,
          "y": 0.0,
          "z": 0.0
        }
      },
      "players": [
        {
          "boost": 100.0,
          "location": {
            "x": -1742.219482421875,
            "y": -1929.416015625,
            "z": 37.99560546875
          },
          "rotation": {
            "pitch": 0,
            "yaw": 12214,
            "roll": 0
          },
          "velocity": {
            "x": 0.0,
            "y": 0.0,
            "z": 0.0
          },
          "role": "shooter"
        }
      ]
    },
    {
      "ball": {
        "location": {
          "x": 68.94744873046875,
          "y": -64.15038299560547,
          "z": 460.1573486328125
        },
        "torque": {
          "x": 0.0,
          "y": 0.0,
          "z": 0.0
        },
        "velocity": {
          "x": 0.0,
          "y": 0.0,
          "z": -3.7380337715148926
        },
        "rotation": {
          "pitch": 129,
          "yaw": -257,
          "roll": 36
        },
        "angular": {
          "x": -0.6235100030899048,
          "y": -2.145509958267212,
          "z": -4.280009746551514
        }
      },
      "players": [
        {
          "boost": 100.0,
          "location": {
            "x": -372.75396728515625,
            "y": -3808.46044921875,
            "z": 37.99560546875
          },
          "rotation": {
            "pitch": 0,
            "yaw": 17576,
            "roll": 0
          },
          "velocity": {
            "x": 0.0,
            "y": 0.0,
            "z": 0.0
          },
          "role": "shooter"
        }
      ]
    },
    {
      "ball": {
        "location": {
          "x": 1114.38134765625,
          "y": -4953.1376953125,
          "z": 1389.3536376953125
        },
        "torque": {
          "x": 0.0,
          "y": 0.0,
          "z": 0.0
        },
        "velocity": {
          "x": 1013.3411865234375,
          "y": 2952.981689453125,
          "z": -187.01583862304688
        },
        "rotation": {
          "pitch": 0,
          "yaw": 0,
          "roll": 0
        },
        "angular": {
          "x": 0.0,
          "y": 0.0,
          "z": 0.0
        }
      },
      "players": [
        {
          "boost": 100.0,
          "location": {
            "x": 3707.650146484375,
            "y": -1386.4151611328125,
            "z": 37.99560546875
          },
          "rotation": {
            "pitch": 0,
            "yaw": 22792,
            "roll": 0
          },
          "velocity": {
            "x": 0.0,
            "y": 0.0,
            "z": 0.0
          },
          "role": "shooter"
        }
      ]
    },
    {
      "ball": {
        "location": {
          "x": 3130.49658203125,
          "y": -4446.8623046875,
          "z": 122.23273468017578
        },
        "torque": {
          "x": 0.0,
          "y": 0.0,
          "z": 0.0
        },
        "velocity": {
          "x": 0.0,
          "y": 0.0,
          "z": -8.466861724853516
        },
        "rotation": {
          "pitch": 421,
          "yaw": 479,
          "roll": 519
        },
        "angular": {
          "x": -3.741809844970703,
          "y": -3.1839098930358887,
          "z": 3.444010019302368
        }
      },
      "players": [
        {
          "boost": 100.0,
          "location": {
            "x": -637.1119384765625,
            "y": -5050.076171875,
            "z": 37.99560546875
          },
          "rotation": {
            "pitch": 0,
            "yaw": 4787,
            "roll": 0
          },
          "velocity": {
            "x": 0.0,
            "y": 0.0,
            "z": 0.0
          },
          "role": "shooter"
        }
      ]
    },
    {
      "ball": {
        "location": {
          "x": -1091.723388671875,
          "y": -1136.927978515625,
          "z": 194.2608184814453
        },
        "torque": {
          "x": 0.0,
          "y": 0.0,
          "z": 0.0
        },
        "velocity": {
          "x": 1662.7547607421875,
          "y": 1337.083740234375,
          "z": -34.43951416015625
        },
        "rotation": {
          "pitch": 0,
          "yaw": 0,
          "roll": 0
        },
        "angular": {
          "x": 0.0,
          "y": 0.0,
          "z": 0.0
        }
      },
      "players": [
        {
          "boost": 100.0,
          "location": {
            "x": 2329.742431640625,
            "y": -1139.6767578125,
            "z": 37.99560546875
          },
          "rotation": {
            "pitch": 0,
            "yaw": 19348,
            "roll": 0
          },
          "velocity": {
            "x": 0.0,
            "y": 0.0,
            "z": 0.0
          },
          "role": "shooter"
        }
      ]
    },
    {
      "ball": {
        "location": {
          "x": -2949.597412109375,
          "y": -781.3814697265625,
          "z": 215.18075561523438
        },
        "torque": {
          "x": 0.0,
          "y": 0.0,
          "z": 0.0
        },
        "velocity": {
          "x": 0.0,
          "y": 0.0,
          "z": -0.10036703944206238
        },