{
  "version": 4,
  "offense": 1,
  "defense": 0,
  "description": "Air Dribbles",
  "creator": "l Apahchhii l",
  "code": "ECE7-F71A-5F48-7B46",
  "creatorID": "XBOX:2535421983545225",
  "uploader": "Evanble !",
  "uploaderID": "EPIC:",
  "numDrills": 3,
  "drills": [
    {
      "ball": {
        "location": {
          "x": -2956.139892578125,
          "y": 3641.679931640625,
          "z": 178.8199920654297
        },
        "torque": {
          "x": 0.0,
          "y": 0.0,
          "z": 0.0
        },
        "velocity": {
          "x": 0.0,
          "y": 0.0,
          "z": 0.0
        },
        "rotation": {
          "pitch": 0,
          "yaw": 0,
          "roll": 0
        },
        "angular": {
          "x": 0.0,
          "y": 0.0,
          "z": 0.0
        }
      },
      "players": [
        {
          "boost": 9.999999406318238e-08,
          "location": {
            "x": -2654.14990234375,
            "y": 1693.2799072265625,
            "z": 17.010000228881836
          },
          "rotation": {
            "pitch": -101,
            "yaw": 21376,
            "roll": 0
          },
          "velocity": {
            "x": 0.0,
            "y": 0.0,
            "z": 0.210999995470047
          },
          "role": "shooter"
        }
      ]
    },
    {
      "ball": {
        "location": {
          "x": -108.64663696289063,
          "y": -0.8225598335266113,
          "z": 121.13004302978516
        },
        "torque": {
          "x": 0.0,
          "y": 0.0,
          "z": 0.0
        },
        "velocity": {
          "x": 0.0,
          "y": 0.0,
          "z": -2.818687677383423
        },
        "rotation": {
          "pitch": -48,
          "yaw": -125,
          "roll": 158
        },
        "angular": {
          "x": -3.4880099296569824,
          "y": 1.0792100429534912,
          "z": -2.763309955596924
        }
      },
      "players": [
        {
          "boost": 100.0,
          "location": {
            "x": -1625.9010009765625,
            "y": -664.283935546875,
            "z": 37.99560546875
          },
          "rotation": {
            "pitch": 0,
            "yaw": 5064,
            "roll": 0
          },
          "velocity": {
            "x": 0.0,
            "y": 0.0,
            "z": 0.0
          },
          "role": "shooter"
        }
      ]
    },
    {
      "ball": {
        "location": {
          "x": -13.969066619873047,
          "y": -61.445411682128906,
          "z": 121.46903991699219
        },
        "torque": {
          "x": 0.0,
          "y": 0.0,
          "z": 0.0
        },
        "velocity": {
          "x": 0.0,
          "y": 0.0,
          "z": -1.012773871421814
        },
        "rotation": {
          "pitch": -72,
          "yaw": 53,
          "roll": -40
        },
        "angular": {
          "x": 2.4324100017547607,
          "y": 4.415909767150879,
          "z": 3.253109931945801
        }
      },
      "players": [
        {
          "boost": 100.0,
          "location": {
            "x": -1355.3170166015625,
            "y": -117.75881958007813,
            "z": 37.995601654052734
          },
          "rotation": {
            "pitch": 0,
            "yaw": 3563,
            "roll": 0
          },
          "velocity": {
            "x": 0.0,
            "y": 0.0,
            "z": 0.0
          },
          "role": "shooter"
        }
      ]
    }
  ]
}