{
  "version": 4,
  "offense": 1,
  "defense": 0,
  "description": "feelscomp",
  "creator": "Pulse Temple",
  "code": "5477-01B3-3268-A0D5",
  "creatorID": "Steam:76561198200239467",
  "uploader": "Evanble !",
  "uploaderID": "EPIC:",
  "numDrills": 12,
  "tags": [
    "",
    "Favorite"
  ],
  "drills": [
    {
      "ball": {
        "location": {
          "x": 2373.909912109375,
          "y": 900.25,
          "z": 259.7599792480469
        },
        "torque": {
          "x": 0.0,
          "y": 0.0,
          "z": 0.0
        },
        "velocity": {
          "x": 2314.865478515625,
          "y": 76.36605834960938,
          "z": 280.6968078613281
        },
        "rotation": {
          "pitch": 0,
          "yaw": 0,
          "roll": 0
        },
        "angular": {
          "x": 0.0,
          "y": 0.0,
          "z": 0.0
        }
      },
      "players": [
        {
          "boost": 0.6761161684989929,
          "location": {
            "x": 3135.43994140625,
            "y": -895.510009765625,
            "z": 17.010000228881836
          },
          "rotation": {
            "pitch": -101,
            "yaw": 8184,
            "roll": 0
          },
          "velocity": {
            "x": 0.0,
            "y": 0.0,
            "z": 0.210999995470047
          },
          "role": "shooter"
        }
      ]
    },
    {
      "ball": {
        "location": {
          "x": 1208.9207763671875,
          "y": 4409.4990234375,
          "z": 266.6209411621094
        },
        "torque": {
          "x": 0.0,
          "y": 0.0,
          "z": 0.0
        },
        "velocity": {
          "x": 0.0,
          "y": 0.0,
          "z": -4.764094352722168
        },
        "rotation": {
          "pitch": -360,
          "yaw": 273,
          "roll": 76
        },
        "angular": {
          "x": -1.0489100217819214,
          "y": 4.692609786987305,
          "z": 3.5886099338531494
        }
      },
      "players": [
        {
          "boost": 100.0,
          "location": {
            "x": 3633.65771484375,
            "y": -932.82373046875,
            "z": 37.99560546875
          },
          "rotation": {
            "pitch": 0,
            "yaw": 11852,
            "roll": 0
          },
          "velocity": {
            "x": 0.0,
            "y": 0.0,
            "z": 0.0
          },
          "role": "shooter"
        }
      ]
    },
    {
      "ball": {
        "location": {
          "x": -1635.9644775390625,
          "y": -5052.1591796875,
          "z": 1415.6412353515625
        },
        "torque": {
          "x": 0.0,
          "y": 0.0,
          "z": 0.0
        },
        "velocity": {
          "x": -418.6199951171875,
          "y": 3290.333251953125,
          "z": 320.38128662109375
        },
        "rotation": {
          "pitch": 0,
          "yaw": 0,
          "roll": 0
        },
        "angular": {
          "x": 0.0,
          "y": 0.0,
          "z": 0.0
        }
      },
      "players": [
        {
          "boost": 100.0,
          "location": {
            "x": -2555.731689453125,
            "y": -1018.2415771484375,
            "z": 37.99560546875
          },
          "rotation": {
            "pitch": 0,
            "yaw": 16654,
            "roll": 0
          },
          "velocity": {
            "x": 0.0,
            "y": 0.0,
            "z": 0.0
          },
          "role": "shooter"
        }
      ]
    },
    {
      "ball": {
        "location": {
          "x": 2851.5146484375,
          "y": -1169.5555419921875,
          "z": 256.5185852050781
        },
        "torque": {
          "x": 0.0,
          "y": 0.0,
          "z": 0.0
        },
        "velocity": {
          "x": 0.0,
          "y": 0.0,
          "z": -5.811971664428711
        },
        "rotation": {
          "pitch": 406,
          "yaw": 358,
          "roll": 151
        },
        "angular": {
          "x": -1.5413099527359009,
          "y": -4.373610019683838,
          "z": 3.807309865951538
        }
      },
      "players": [
        {
          "boost": 100.0,
          "location": {
            "x": -1962.498779296875,
            "y": -459.1980895996094,
            "z": 37.99560546875
          },
          "rotation": {
            "pitch": 0,
            "yaw": 11549,
            "roll": 0
          },
          "velocity": {
            "x": 0.0,
            "y": 0.0,
            "z": 0.0
          },
          "role": "shooter"
        }
      ]
    },
    {
      "ball": {
        "location": {
          "x": -4067.86376953125,
          "y": -1329.9951171875,
          "z": 1354.4383544921875
        },
        "torque": {
          "x": 0.0,
          "y": 0.0,
          "z": 0.0
        },
        "velocity": {
          "x": 1204.3653564453125,
          "y": 3858.186279296875,
          "z": -222.75331115722656
        },
        "rotation": {
          "pitch": 0,
          "yaw": 0,
          "roll": 0
        },
        "angular": {
          "x": 0.0,
          "y": 0.0,
          "z": 0.0
        }
      },
      "players": [
        {
          "boost": 100.0,
          "location": {
            "x": -3860.0,
            "y": 2641.9345703125,
            "z": 48.313133239746094
          },
          "rotation": {
            "pitch": 0,
            "yaw": 2458,
            "roll": 0
          },
          "velocity": {
            "x": 0.0,
            "y": 0.0,
            "z": 0.0
          },
          "role": "shooter"
        }
      ]
    },
    {
      "ball": {
        "location": {
          "x": -2652.27490234375,
          "y": -4330.14990234375,
          "z": 100.0
        },
        "torque": {
          "x": 0.0,
          "y": 0.0,
          "z": 0.0
        },
        "velocity": {
          "x": 1199.2518310546875,
          "y": 3181.436279296875,
          "z": 1140.087158203125
        },
        "rotation": {
          "pitch": 0,
          "yaw": 0,
          "roll": 0
        },
        "angular": {
          "x": 0.0,
          "y": 0.0,
          "z": 0.0
        }
      },
      "players": [
        {
          "boost": 100.0,
          "location": {
            "x": -1368.0130615234375,
            "y": -972.8416137695313,
            "z": 37.99560546875
          },
          "rotation": {
            "pitch": 0,
            "yaw": 16367,
            "roll": 0
          },
          "velocity": {
            "x": 0.0,
            "y": 0.0,
            "z": 0.0
          },
          "role": "shooter"
        }
      ]
    },
    {
      "ball": {
        "location": {
          "x": -311.5597229003906,
          "y": -3646.068603515625,
          "z": 110.85201263427734
        },
        "torque": {
          "x": 0.0,
          "y": 0.0,
          "z": 0.0
        },
        "velocity": {
          "x": 0.0,
          "y": 0.0,
          "z": -10.27202033996582
        },
        "rotation": {
          "pitch": -623,
          "yaw": -680,
          "roll": -341
        },
        "angular": {
          "x": 2.185809850692749,
          "y": 3.7064099311828613,
          "z": -4.18140983581543
        }
      },
      "players": [
        {
          "boost": 100.0,
          "location": {
            "x": 2937.217529296875,
            "y": 2384.454345703125,
            "z": 37.99560546875
          },
          "rotation": {
            "pitch": 0,
            "yaw": -22696,
            "roll": 0
          },
          "velocity": {
            "x": 0.0,
            "y": 0.0,
            "z": 0.0
          },
          "role": "shooter"
        }
      ]
    },
    {
      "ball": {
        "location": {
          "x": 1647.1240234375,
          "y": 4897.1240234375,
          "z": 1153.3582763671875
        },
        "torque": {
          "x": 0.0,
          "y": 0.0,
          "z": 0.0
        },
        "velocity": {
          "x": -2165.36279296875,
          "y": -1185.302001953125,