{
  "version": 4,
  "offense": 1,
  "defense": 0,
  "description": "JakeRL, air&wall-dribbles",
  "creator": "TheJRobinson",
  "code": "9D87-258C-3C05-6FA9",
  "creatorID": "PS4:5772601946497865066",
  "uploader": "Evanble",
  "uploaderID": "EPIC:",
  "numDrills": 13,
  "drills": [
    {
      "ball": {
        "location": {
          "x": 1555.760009765625,
          "y": 412.1999816894531,
          "z": 278.2799987792969
        },
        "torque": {
          "x": 0.0,
          "y": 0.0,
          "z": 0.0
        },
        "velocity": {
          "x": 135.82164001464844,
          "y": -367.9975891113281,
          "z": -24.307775497436523
        },
        "rotation": {
          "pitch": 0,
          "yaw": 0,
          "roll": 0
        },
        "angular": {
          "x": 0.0,
          "y": 0.0,
          "z": 0.0
        }
      },
      "players": [
        {
          "boost": 9.999999406318238e-08,
          "location": {
            "x": 1793.5699462890625,
            "y": -491.3399963378906,
            "z": 17.049999237060547
          },
          "rotation": {
            "pitch": -175,
            "yaw": 22408,
            "roll": 0
          },
          "velocity": {
            "x": 0.0,
            "y": 0.0,
            "z": 0.2709999680519104
          },
          "role": "shooter"
        }
      ]
    },
    {
      "ball": {
        "location": {
          "x": 223.73919677734375,
          "y": 4575.6484375,
          "z": 213.4860076904297
        },
        "torque": {
          "x": 0.0,
          "y": 0.0,
          "z": 0.0
        },
        "velocity": {
          "x": 0.0,
          "y": 0.0,
          "z": -22.81003761291504
        },
        "rotation": {
          "pitch": 1517,
          "yaw": 1110,
          "roll": 1226
        },
        "angular": {
          "x": -3.1174099445343018,
          "y": -4.309410095214844,
          "z": 2.776710033416748
        }
      },
      "players": [
        {
          "boost": 100.0,
          "location": {
            "x": -987.707275390625,
            "y": -3652.158203125,
            "z": 37.99560546875
          },
          "rotation": {
            "pitch": 0,
            "yaw": 20448,
            "roll": 0
          },
          "velocity": {
            "x": 0.0,
            "y": 0.0,
            "z": 0.0
          },
          "role": "shooter"
        }
      ]
    },
    {
      "ball": {
        "location": {
          "x": -2904.537841796875,
          "y": 1212.1329345703125,
          "z": 154.97335815429688
        },
        "torque": {
          "x": 0.0,
          "y": 0.0,
          "z": 0.0
        },
        "velocity": {
          "x": -1693.9407958984375,
          "y": 57.162620544433594,
          "z": -165.93045043945313
        },
        "rotation": {
          "pitch": 0,
          "yaw": 0,
          "roll": 0
        },
        "angular": {
          "x": 0.0,
          "y": 0.0,
          "z": 0.0
        }
      },
      "players": [
        {
          "boost": 100.0,
          "location": {
            "x": -2992.534912109375,
            "y": 526.289306640625,
            "z": 37.99560546875
          },
          "rotation": {
            "pitch": 0,
            "yaw": 29553,
            "roll": 0
          },
          "velocity": {
            "x": 0.0,
            "y": 0.0,
            "z": 0.0
          },
          "role": "shooter"
        }
      ]
    },
    {
      "ball": {
        "location": {
          "x": -87.83938598632813,
          "y": -4287.53271484375,
          "z": 228.4916534423828
        },
        "torque": {
          "x": 0.0,
          "y": 0.0,
          "z": 0.0
        },
        "velocity": {
          "x": 0.010999999940395355,
          "y": -0.4309999644756317,
          "z": 26.946346282958984
        },
        "rotation": {
          "pitch": 0,
          "yaw": 0,
          "roll": 0
        },
        "angular": {
          "x": 0.0,
          "y": 0.0,
          "z": 0.0
        }
      },
      "players": [
        {
          "boost": 100.0,
          "location": {
            "x": -12.425153732299805,
            "y": -5005.6259765625,
            "z": 37.99560546875
          },
          "rotation": {
            "pitch": 0,
            "yaw": 18538,
            "roll": 0
          },
          "velocity": {
            "x": 0.0,
            "y": 0.0,
            "z": 0.0
          },
          "role": "shooter"
        }
      ]
    },
    {
      "ball": {
        "location": {
          "x": -2999.1728515625,
          "y": -473.259521484375,
          "z": 159.80322265625
        },
        "torque": {
          "x": 0.0,
          "y": 0.0,
          "z": 0.0
        },
        "velocity": {
          "x": -1848.4027099609375,
          "y": 315.6159973144531,
          "z": 43.49181365966797
        },
        "rotation": {
          "pitch": 0,
          "yaw": 0,
          "roll": 0
        },
        "angular": {
          "x": 0.0,
          "y": 0.0,
          "z": 0.0
        }
      },
      "players": [
        {
          "boost": 100.0,
          "location": {
            "x": -3082.2158203125,
            "y": -216.9889678955078,
            "z": 37.99560546875
          },
          "rotation": {
            "pitch": 0,
            "yaw": -32224,
            "roll": 0
          },
          "velocity": {
            "x": 0.0,
            "y": 0.0,
            "z": 0.0
          },
          "role": "shooter"
        }
      ]
    },
    {
      "ball": {
        "location": {
          "x": 2844.80078125,
          "y": 4214.63916015625,
          "z": 268.0819091796875
        },
        "torque": {
          "x": 0.0,
          "y": 0.0,
          "z": 0.0
        },
        "velocity": {
          "x": 1094.55810546875,
          "y": 908.8746337890625,
          "z": -127.82608795166016
        },
        "rotation": {
          "pitch": 0,
          "yaw": 0,
          "roll": 0
        },
        "angular": {
          "x": 0.0,
          "y": 0.0,
          "z": 0.0
        }
      },
      "players": [
        {
          "boost": 100.0,
          "location": {
            "x": 3127.513671875,
            "y": 4201.84033203125,
            "z": 37.99560546875
          },
          "rotation": {
            "pitch": 0,
            "yaw": 12959,
            "roll": 0
          },
          "velocity": {
            "x": 0.0,
            "y": 0.0,
            "z": 0.0
          },
          "role": "shooter"
        }
      ]
    },
    {
      "ball": {
        "location": {
          "x": -2254.150146484375,
          "y": -721.3656005859375,
          "z": 116.23938751220703
        },
        "torque": {
          "x": 0.0,
          "y": 0.0,
          "z": 0.0
        },
        "velocity": {
          "x": -2013.2896728515625,
          "y": 420.5597229003906,
          "z": 36.2641716003418
        },
        "rotation": {
          "pitch": 0,
          "yaw": 0,
          "roll": 0
        },
        "angular": {
          "x": 0.0,
          "y": 0.0,
          "z": 0.0
        }
      },
      "players": [
        {
          "boost": 100.0,
          "location": {
            "x": -2964.813232421875,
            "y": -809.61328125,
            "z": 37.99560546875
          },
          "rotation": {
            "pitch": 0,
            "yaw": 31723,
            "roll": 0
          },
          "velocity": {
            "x": 0.0,
            "y": 0.0,
            "z": 0.0
          },
          "role": "shooter"
        }
      ]
    },
    {
      "ball": {
        "location": {
          "x": -33.069862365722656,
          "y": 632.6025390625,
          "z": 229.82379150390625
        },
        "torque": {
          "x": 0.0,
          "y": 0.0,
          "z": 0.0
        },
        "velocity": {
          "x": -5.791149616241455,
          "y": -1523.3868408203125,
          "z": -215.4408416748047
        },