{
  "version": 4,
  "offense": 1,
  "defense": 1,
  "description": "a",
  "creator": "a",
  "code": "",
  "creatorID": "",
  "uploader": "Pulse Guayabo",
  "uploaderID": "EPIC:",
  "numDrills": 1,
  "notes": "a",
  "youtube": "a",
  "drills": [
    {
      "ball": {
        "location": {
          "x": 1294.515869140625,
          "y": 692.8841552734375,
          "z": 708.111328125
        },
        "torque": {
          "x": 0.0,
          "y": 0.0,
          "z": 0.0
        },
        "velocity": {
          "x": -782.8514404296875,
          "y": 72.08004760742188,
          "z": 665.6444702148438
        },
        "rotation": {
          "pitch": 6813,
          "yaw": -1546,
          "roll": -30944
        },
        "angular": {
          "x": -4.375109672546387,
          "y": 3.293609857559204,
          "z": -2.451509952545166
        }
      },
      "players": [
        {
          "boost": 0.9216181635856628,
          "location": {
            "x": -300.9325866699219,
            "y": 4465.15283203125,
            "z": 17.010000228881836
          },
          "rotation": {
            "pitch": -100,
            "yaw": -7849,
            "roll": 0
          },
          "velocity": {
            "x": 829.6063842773438,
            "y": -647.1572265625,
            "z": 0.25099998712539673
          },
          "role": "shooter"
        },
        {
          "boost": 0.3607843220233917,
          "location": {
            "x": 1612.3388671875,
            "y": 559.8271484375,
            "z": 50.9969367980957
          },
          "rotation": {
            "pitch": 1852,
            "yaw": 28988,
            "roll": 3762
          },
          "velocity": {
            "x": -443.6210021972656,
            "y": -270.8810119628906,
            "z": -225.26890563964844
          },
          "role": "defender"
        }
      ]
    }
  ]
}