{
  "version": 4,
  "offense": 0,
  "defense": 0,
  "description": "",
  "creator": "",
  "code": "",
  "creatorID": "",
  "uploader": "jakeramp",
  "uploaderID": "EPIC:229b241e2fa54db7bc7d1687b21ce351",
  "numDrills": 1,
  "drills": [
    {
      "ball": {
        "location": {
          "x": -3322.408447265625,
          "y": 807.9740600585938,
          "z": 457.9643859863281
        },
        "torque": {
          "x": 0.0,
          "y": 0.0,
          "z": 0.0
        },
        "velocity": {
          "x": 69.69091796875,
          "y": -313.9206848144531,
          "z": 164.1084747314453
        },
        "rotation": {
          "pitch": 9147,
          "yaw": -2074,
          "roll": -16674
        },
        "angular": {
          "x": 1.340109944343567,
          "y": -2.53971004486084,
          "z": -5.2681097984313965
        }
      },
      "players": [
        {
          "boost": 0.48235297203063965,
          "location": {
            "x": -4079.583251953125,
            "y": 1454.5648193359375,
            "z": 414.8310852050781
          },
          "rotation": {
            "pitch": 8364,
            "yaw": -16056,
            "roll": 17332
          },
          "velocity": {
            "x": 3.628606081008911,
            "y": 130.178955078125,
            "z": 621.1988525390625
          },
          "role": "shooter"
        }
      ]
    }
  ]
}