{"version":4,"offense":3,"defense":3,"description":"Passing (Downfield Right)","creator":"Wayprotein","code":"","creatorID":"Steam:76561198141816115","uploader":"BORASTERO","uploaderID":"EPIC:8341052e25f440e0b02173511cf6981b","numDrills":1,"drills":[{"ball":{"location":{"x":2391.447998046875,"y":3532.19873046875,"z":433.6139831542969},"torque":{"x":0,"y":0,"z":0},"velocity":{"x":1479.4002685546875,"y":-40.629398345947266,"z":791.712890625},"rotation":{"pitch":2295,"yaw":-6815,"roll":27427},"angular":{"x":-4.595609664916992,"y":-3.7028098106384277,"z":1.0813100337982178}},"players":[{"boost":0.12156863510608673,"location":{"x":3245.062255859375,"y":3108.69873046875,"z":16.935489654541016},"rotation":{"pitch":-100,"yaw":27164,"roll":0},"velocity":{"x":-1223.66943359375,"y":911.4526977539062,"z":0.41099998354911804},"role":"shooter"},{"boost":0.05882353335618973,"location":{"x":-874.8955688476562,"y":2449.838134765625,"z":17.01311492919922},"rotation":{"pitch":-101,"yaw":17020,"roll":0},"velocity":{"x":-133.75961303710938,"y":2177.348876953125,"z":0.2709999680519104},"role":"defender"},{"boost":0.8549020290374756,"location":{"x":2861.8935546875,"y":4846.37109375,"z":18.2206974029541},"rotation":{"pitch":83,"yaw":22578,"roll":449},"velocity":{"x":-677.755126953125,"y":1163.1429443359375,"z":27.4627685546875},"role":"defender"},{"boost":0.2862745225429535,"location":{"x":2042.1446533203125,"y":3547.502197265625,"z":106.70587921142578},"rotation":{"pitch":-8781,"yaw":-10000,"roll":5284},"velocity":{"x":315.8810119628906,"y":131.8310089111328,"z":182.0548858642578},"role":"defender"}]}],"uploadID":2162}