{"version":4,"offense":1,"defense":1,"description":"","creator":"C317-18E6-87F4-D5C9","code":"","creatorID":"","uploader":"i K2zMN","uploaderID":"EPIC:","numDrills":1,"drills":[{"ball":{"location":{"x":0,"y":0,"z":92.73999786376953},"torque":{"x":0,"y":0,"z":0},"velocity":{"x":0,"y":0,"z":0},"rotation":{"pitch":0,"yaw":0,"roll":0},"angular":{"x":0,"y":0,"z":0}},"players":[{"boost":0.4549019932746887,"location":{"x":-116.4699935913086,"y":-3681.329833984375,"z":17.010000228881836},"rotation":{"pitch":-100,"yaw":17774,"roll":2},"velocity":{"x":0.20125804841518402,"y":0.021086018532514572,"z":0.2709999680519104},"role":"shooter"},{"boost":0.9333333969116211,"location":{"x":-275.5246276855469,"y":-3730.04150390625,"z":51.10646057128906},"rotation":{"pitch":-165,"yaw":21392,"roll":15262},"velocity":{"x":-200.1510009765625,"y":-101.91099548339844,"z":-114.82445526123047},"role":"defender"}]}],"uploadID":2252}